Workbook
Name ACE: Listes!$K$4:$K$6
Name CA: Listes!$L$4:$L$7
Name CE: Listes!$K$4:$K$6
Name CQ: Listes!$O$4:$O$9
Name FONCTION: Listes!$F$3:$F$18
Name GS: Listes!$P$4:$P$9
Name MA: Listes!$J$4:$J$8
Name OP: Listes!$I$4:$I$9
Name REX: Listes!$N$4:$N$6
Name RR: Listes!$M$4:$M$6
Name SOCIETE: Listes!$U$2:$U$5
Name STATUT: Listes!$X$2:$X$9

Sheet Pilotage effectif
K2: ="S"&WEEKNUM(K3) -> S24 | R2: ="S"&WEEKNUM(R3) -> S25 | Y2: ="S"&WEEKNUM(Y3) -> S26 | AF2: ="S"&WEEKNUM(AF3) -> S27 | AM2: ="S"&WEEKNUM(AM3) -> S28 | AT2: ="S"&WEEKNUM(AT3) -> S29 | BA2: ="S"&WEEKNUM(BA3) -> S30 | BH2: ="S"&WEEKNUM(BH3) -> S31 | BO2: ="S"&WEEKNUM(BO3) -> S32 | BV2: ="S"&WEEKNUM(BV3) -> S33 | CC2: ="S"&WEEKNUM(CC3) -> S34 | CJ2: ="S"&WEEKNUM(CJ3) -> S35 | CQ2: ="S"&WEEKNUM(CQ3) -> S36 | CX2: ="S"&WEEKNUM(CX3) -> S37 | DE2: ="S"&WEEKNUM(DE3) -> S38 | DL2: ="S"&WEEKNUM(DL3) -> S39 | DS2: ="S"&WEEKNUM(DS3) -> S40 | DZ2: ="S"&WEEKNUM(DZ3) -> S41 | EG2: ="S"&WEEKNUM(EG3) -> S42 | EN2: ="S"&WEEKNUM(EN3) -> S43 | EU2: ="S"&WEEKNUM(EU3) -> S44 | FB2: ="S"&WEEKNUM(FB3) -> S45 | FI2: ="S"&WEEKNUM(FI3) -> S46 | FP2: ="S"&WEEKNUM(FP3) -> S47 | FW2: ="S"&WEEKNUM(FW3) -> S48 | GD2: ="S"&WEEKNUM(GD3) -> S49 | GK2: ="S"&WEEKNUM(GK3) -> S50 | GR2: ="S"&WEEKNUM(GR3) -> S51 | GY2: ="S"&WEEKNUM(GY3) -> S52
K3: 45453 | L3: 45454 | M3: 45455 | N3: 45456 | O3: 45457 | P3: 45458 | Q3: 45459 | R3: 45460 | S3: 45461 | T3: 45462 | U3: 45463 | V3: 45464 | W3: 45465 | X3: 45466 | Y3: 45467 | Z3: 45468 | AA3: 45469 | AB3: 45470 | AC3: 45471 | AD3: 45472 | AE3: 45473 | AF3: 45474 | AG3: 45475 | AH3: 45476 | AI3: 45477 | AJ3: 45478 | AK3: 45479 | AL3: 45480 | AM3: 45481 | AN3: 45482 | AO3: 45483 | AP3: 45484 | AQ3: 45485 | AR3: 45486 | AS3: 45487 | AT3: 45488 | AU3: 45489 | AV3: 45490 | AW3: 45491 | AX3: 45492 | AY3: 45493 | AZ3: 45494 | BA3: 45495 | BB3: 45496 | BC3: 45497 | BD3: 45498 | BE3: 45499 | BF3: 45500 | BG3: 45501 | BH3: 45502 | BI3: 45503 | BJ3: 45504 | BK3: 45505 | BL3: 45506 | BM3: 45507 | BN3: 45508 | BO3: 45509 | BP3: 45510 | BQ3: 45511 | BR3: 45512 | BS3: 45513 | BT3: 45514 | BU3: 45515 | BV3: 45516 | BW3: 45517 | BX3: 45518 | BY3: 45519 | BZ3: 45520 | CA3: 45521 | CB3: 45522 | CC3: 45523 | CD3: 45524 | CE3: 45525 | CF3: 45526 | CG3: 45527 | CH3: 45528 | CI3: 45529 | CJ3: 45530 | CK3: 45531 | CL3: 45532 | CM3: 45533 | CN3: 45534 | CO3: 45535 | CP3: 45536 | CQ3: 45537 | CR3: 45538 | CS3: 45539 | CT3: 45540 | CU3: 45541 | CV3: 45542 | CW3: 45543 | CX3: 45544 | CY3: 45545 | CZ3: 45546 | DA3: 45547 | DB3: 45548 | DC3: 45549 | DD3: 45550 | DE3: 45551 | DF3: 45552 | DG3: 45553 | DH3: 45554 | DI3: 45555 | DJ3: 45556 | DK3: 45557 | DL3: 45558 | DM3: 45559 | DN3: 45560 | DO3: 45561 | DP3: 45562 | DQ3: 45563 | DR3: 45564 | DS3: 45565 | DT3: 45566 | DU3: 45567 | DV3: 45568 | DW3: 45569 | DX3: 45570 | DY3: 45571 | DZ3: 45572 | EA3: 45573 | EB3: 45574 | EC3: 45575 | ED3: 45576 | EE3: 45577 | EF3: 45578 | EG3: 45579 | EH3: 45580 | EI3: 45581 | EJ3: 45582 | EK3: 45583 | EL3: 45584 | EM3: 45585 | EN3: 45586 | EO3: 45587 | EP3: 45588 | EQ3: 45589 | ER3: 45590 | ES3: 45591 | ET3: 45592 | EU3: 45593 | EV3: 45594 | EW3: 45595 | EX3: 45596 | EY3: 45597 | EZ3: 45598 | FA3: 45599 | FB3: 45600 | FC3: 45601 | FD3: 45602 | FE3: 45603 | FF3: 45604 | FG3: 45605 | FH3: 45606 | FI3: 45607 | FJ3: 45608 | FK3: 45609 | FL3: 45610 | FM3: 45611 | FN3: 45612 | FO3: 45613 | FP3: 45614 | FQ3: 45615 | FR3: 45616 | FS3: 45617 | FT3: 45618 | FU3: 45619 | FV3: 45620 | FW3: 45621 | FX3: 45622 | FY3: 45623 | FZ3: 45624 | GA3: 45625 | GB3: 45626 | GC3: 45627 | GD3: 45628 | GE3: 45629 | GF3: 45630 | GG3: 45631 | GH3: 45632 | GI3: 45633 | GJ3: 45634 | GK3: 45635 | GL3: 45636 | GM3: 45637 | GN3: 45638 | GO3: 45639 | GP3: 45640 | GQ3: 45641 | GR3: 45642 | GS3: 45643 | GT3: 45644 | GU3: 45645 | GV3: 45646 | GW3: 45647 | GX3: 45648 | GY3: 45649 | GZ3: 45650 | HA3: 45651 | HB3: 45652 | HC3: 45653 | HD3: 45654 | HE3: 45655
C4: BASE H | F4: SOCIETE | G4: STATUT | H4: FONCTION | I4: NOM | J4: PRENOM | K4: =TEXT(K3,"jjj.jj") -> lun.10 | L4: =TEXT(L3,"jjj.jj") -> mar.11 | M4: =TEXT(M3,"jjj.jj") -> mer.12 | N4: =TEXT(N3,"jjj.jj") -> jeu.13 | O4: =TEXT(O3,"jjj.jj") -> ven.14 | P4: =TEXT(P3,"jjj.jj") -> sam.15 | Q4: =TEXT(Q3,"jjj.jj") -> dim.16 | R4: =TEXT(R3,"jjj.jj") -> lun.17 | ... HE4: =TEXT(HE3,"jjj.jj") -> dim.29
B5: 107522 | C5: 35 | D5: X | E5: =B5&""&D5 -> 107522X | F5: 27O | G5: CDD | H5: CA | I5: FAUVEL | J5: MICKAELE | K5: A. | L5: P. | M5: P. | N5: P. | O5: P. | R5: P. | S5: P. | T5: P. | U5: P. | V5: P.
B6: 107804 | C6: 35 | D6: X | E6: =B6&""&D6 -> 107804X | F6: 27O | G6: CDD | H6: CA | I6: OUSSENI | J6: BAROUFOUDINE | K6: P. | L6: P. | M6: P. | N6: P. | O6: P. | R6: P. | S6: P. | T6: P. | U6: P. | V6: P.
C7: 35 | D7: x | E7: =B7&""&D7 -> x | F7: 27O | G7: CDD | H7: OP | I7: QUERELLE | J7: TEDDY | K7: P. | L7: P. | M7: P. | N7: P. | O7: P. | R7: P. | S7: P. | T7: P. | U7: P. | V7: P.
B8: 104224 | C8: 35 | D8: =IF(G8="","","X") -> X | E8: =B8&""&D8 -> 104224X | F8: 27O | G8: CDD | H8: OP | I8: SARTIAUX | J8: ANTHONY | K8: P. | L8: P. | M8: P. | N8: P. | O8: P. | R8: P. | S8: P. | T8: P. | U8: P. | V8: P.
B9: 35714 | C9: 35 | D9: =IF(G9="","","X") -> X | E9: =B9&""&D9 -> 35714X | F9: 27O | G9: CDD | H9: CA | I9: SERFATI | J9: KEVIN | K9: P. | L9: P. | M9: P. | N9: P. | O9: P. | R9: P. | S9: P. | T9: P. | U9: P. | V9: P.
B10: 101143 | C10: 35 | D10: =IF(G10="","","X") -> X | E10: =B10&""&D10 -> 101143X | F10: 27O | G10: CDI | H10: OP | I10: ACARD | J10: THIERRY | K10: P. | L10: P. | M10: P. | N10: P. | O10: P. | R10: P. | S10: P. | T10: P. | U10: P. | V10: P.
B11: 101276 | C11: 35 | D11: =IF(G11="","","X") -> X | E11: =B11&""&D11 -> 101276X | F11: 27O | G11: CDI | H11: CQ | I11: AUBRON | J11: CHARLENE | K11: P. | L11: ECH | M11: ECH | N11: P. | O11: P. | R11: P. | S11: P. | T11: P. | U11: P. | V11: P.
B12: 105076 | C12: 35 | D12: =IF(G12="","","X") -> X | E12: =B12&""&D12 -> 105076X | F12: 27O | G12: CDI | H12: REX | I12: BAUDOUIN | J12: VANESSA | K12: P. | L12: P. | M12: P. | N12: P. | O12: P. | R12: P. | S12: P. | T12: P. | U12: P. | V12: P.
B13: 59970 | C13: 35 | D13: =IF(G13="","","X") -> X | E13: =B13&""&D13 -> 59970X | F13: 27O | G13: CDI | H13: ADM | I13: BESNARD | J13: LAURA | K13: P. | L13: P. | M13: P. | N13: P. | O13: P. | R13: P. | S13: P. | T13: P. | U13: P. | V13: P.
B14: 72844 | C14: 35 | D14: =IF(G14="","","X") -> X | E14: =B14&""&D14 -> 72844X | F14: 27O | G14: CDI | H14: RR | I14: BESSIN | J14: TRISTANA | K14: P. | L14: P. | M14: P. | N14: P. | O14: P. | R14: P. | S14: P. | T14: P. | U14: P. | V14: P.
B15: 71355 | C15: 35 | D15: =IF(G15="","","X") -> X | E15: =B15&""&D15 -> 71355X | F15: 27O | G15: CDI | H15: CQ | I15: BOIRON | J15: ALEXIA | K15: P. | L15: P. | M15: P. | N15: P. | O15: P. | R15: P. | S15: P. | T15: P. | U15: P. | V15: P.
B16: 40688 | C16: 35 | D16: =IF(G16="","","X") -> X | E16: =B16&""&D16 -> 40688X | F16: 27O | G16: CDI | H16: OP | I16: BOTELLE | J16: SANDRA | K16: P. | L16: P. | M16: P. | N16: P. | O16: P. | R16: P. | S16: P. | T16: P. | U16: P. | V16: P.
B17: 105600 | C17: 35 | D17: =IF(G17="","","X") -> X | E17: =B17&""&D17 -> 105600X | F17: 27O | G17: CDI | H17: CA | I17: CARON | J17: RAYAN | K17: P. | L17: P. | M17: P. | N17: P. | O17: P. | R17: P. | S17: P. | T17: P. | U17: P. | V17: P.
B18: 56995 | C18: 35 | D18: =IF(G18="","","X") -> X | E18: =B18&""&D18 -> 56995X | F18: 27O | G18: CDI | H18: OP | I18: CHEVALIER | J18: DEBORAH | K18: P. | L18: P. | M18: P. | N18: P. | O18: P. | R18: A. | S18: A. | T18: A. | U18: A. | V18: A.
B19: 104817 | C19: 35 | D19: =IF(G19="","","X") -> X | E19: =B19&""&D19 -> 104817X | F19: 27O | G19: CDI | H19: OP | I19: CLAUDE | J19: GUILLAUME | K19: P. | L19: P. | M19: P. | N19: P. | O19: P. | R19: P. | S19: P. | T19: P. | U19: P. | V19: P.
... B23: 50139 | C23: 39 | D23: =IF(G23="","","X") -> X | E23: =B23&""&D23 -> 50139X | F23: 27O | G23: CDI | H23: CA | I23: DUPARC | J23: CAROLINE | K23: P. | L23: P. | M23: P. | N23: P. | O23: P. | R23: P. | S23: P. | T23: P. | U23: P. | V23: P.
B24: I | C24: 35 | D24: X | E24: =B24&""&D24 -> IX | F24: 27O | G24: CDI | H24: CA | I24: DUPARC | J24: STEPHANE | K24: P. | L24: P. | M24: P. | N24: P. | O24: P. | R24: P. | S24: P. | T24: P. | U24: P. | V24: P.
B25: I | C25: 35 | D25: x | E25: =B25&""&D25 -> Ix | F25: 27O | G25: CDI | H25: CA | I25: EL AIYSSY | J25: ABDELHAMID | K25: P. | L25: P. | M25: P. | N25: P. | O25: P. | R25: P. | S25: P. | T25: P. | U25: P. | V25: P.
B26: I | C26: 35 | D26: X | E26: =B26&""&D26 -> IX | F26: 27O | G26: CDI | H26: CA | I26: GREMONT | J26: JORYS | K26: P. | L26: P. | M26: P. | N26: P. | O26: P. | R26: P. | S26: P. | T26: P. | U26: P. | V26: P.
B27: I | C27: 35 | D27: X | E27: =B27&""&D27 -> IX | F27: 27O | G27: CDI | H27: CA | I27: LEBIGRE | J27: DYLAN | K27: P. | L27: P. | M27: P. | N27: P. | O27: P. | R27: P. | S27: P. | T27: P. | U27: P. | V27: P.
B28: 101370 | C28: 35 | D28: X | E28: =B28&""&D28 -> 101370X | F28: 27O | G28: CDI | H28: OP | I28: LEFEBVRE | J28: JENNIFER | K28: P. | L28: P. | M28: P. | N28: P. | O28: P. | R28: P. | S28: P. | T28: P. | U28: P. | V28: P.
B29: 107722 | C29: 35 | D29: x | E29: =B29&""&D29 -> 107722x | F29: 27O | G29: CDI | H29: MA | I29: LEFEU | J29: JEAN LOUIS | K29: P. | L29: P. | M29: P. | N29: P. | O29: P. | R29: P. | S29: P. | T29: P. | U29: P. | V29: P.
B30: 106565 | C30: 35 | D30: X | E30: =B30&""&D30 -> 106565X | F30: 27O | G30: CDI | H30: OP | I30: LEROY | J30: MALVINA | K30: P. | L30: P. | M30: P. | N30: P. | O30: P. | R30: P. | S30: P. | T30: P. | U30: P. | V30: P.
B31: 107892 | C31: 35 | D31: X | E31: =B31&""&D31 -> 107892X | F31: 27O | G31: CDI | H31: CA | I31: MANGEANT | J31: MICKAEL | K31: P. | L31: P. | M31: P. | N31: P. | O31: P. | R31: P. | S31: P. | T31: P. | U31: P. | V31: P.
B32: 102329 | C32: 35 | D32: X | E32: =B32&""&D32 -> 102329X | F32: 27O | G32: CDI | H32: ADM | I32: MARIE | J32: MATHILDE | K32: P. | L32: P. | M32: P. | N32: P. | O32: P. | R32: P. | S32: P. | T32: P. | U32: P. | V32: P.
B33: 106564 | C33: 35 | D33: X | E33: =B33&""&D33 -> 106564X | F33: 27O | G33: CDI | H33: MA | I33: MOREAU | J33: ADRIEN | K33: P. | L33: P. | M33: P. | N33: P. | O33: P. | R33: P. | S33: P. | T33: P. | U33: P. | V33: P.
B34: 32116 | C34: 35 | D34: =IF(G34="","","X") -> X | E34: =B34&""&D34 -> 32116X | F34: 27O | G34: CDI | H34: OP | I34: MORISSE | J34: LAETITIA | K34: P. | L34: P. | M34: P. | N34: P. | O34: P. | R34: P. | S34: P. | T34: P. | U34: P. | V34: P.
B35: 101839 | C35: 35 | D35: =IF(G35="","","X") -> X | E35: =B35&""&D35 -> 101839X | F35: 27O | G35: CDI | H35: CA | I35: OUALI | J35: STEVE | K35: P. | L35: P. | M35: P. | N35: P. | O35: P. | R35: P. | S35: P. | T35: P. | U35: P. | V35: P.
B36: 56999 | C36: 35 | D36: =IF(G36="","","X") -> X | E36: =B36&""&D36 -> 56999X | F36: 27O | G36: CDI | H36: CA | I36: PELVILLAIN | J36: JESSY | K36: P. | L36: P. | M36: P. | N36: P. | O36: P. | R36: P. | S36: P. | T36: P. | U36: P. | V36: P.
B37: 36705 | C37: 35 | D37: =IF(G37="","","X") -> X | E37: =B37&""&D37 -> 36705X | F37: 27O | G37: CDI | H37: CA | I37: PLESSIS | J37: ERIC | K37: P. | L37: P. | M37: P. | N37: P. | O37: P. | R37: P. | S37: P. | T37: P. | U37: P. | V37: P.
B38: 33008 | C38: 35 | D38: =IF(G38="","","X") -> X | E38: =B38&""&D38 -> 33008X | F38: 27O | G38: CDI | H38: CA | I38: PREVOT | J38: ADELIN | K38: P. | L38: P. | M38: P. | N38: P. | O38: P. | R38: P. | S38: P. | T38: P. | U38: P. | V38: P.
B39: 33388 | C39: 35 | D39: =IF(G39="","","X") -> X | E39: =B39&""&D39 -> 33388X | F39: 27O | G39: CDI | H39: CA | I39: VINCENT | J39: ALEXIS | K39: P. | L39: P. | M39: P. | N39: P. | O39: P. | R39: P. | S39: P. | T39: P. | U39: P. | V39: P.
B40: 51530 | C40: 35 | D40: =IF(G40="","","X") -> X | E40: =B40&""&D40 -> 51530X | F40: 27O | G40: INTCRIT | H40: MA | I40: BECEL | J40: BASTIEN | K40: P. | L40: P. | M40: P. | N40: P. | O40: P. | R40: P. | S40: P. | T40: P. | U40: P. | V40: P.
B41: 105536 | C41: 35 | D41: X | E41: =B41&""&D41 -> 105536X | F41: 27O | G41: INTCRIT | H41: MA | I41: CHAPELLE | J41: ANDRE | K41: P. | L41: P. | M41: P. | N41: P. | O41: P. | R41: P. | S41: P. | T41: P. | U41: P. | V41: P.
B42: 71336 | C42: 35 | D42: =IF(G42="","","X") -> X | E42: =B42&""&D42 -> 71336X | F42: 27O | G42: INTCRIT | H42: OP | I42: COFFARD | J42: ANTHONY | K42: P. | L42: P. | M42: P. | N42: P. | O42: P. | R42: P. | S42: P. | T42: P. | U42: P. | V42: P.
B43: 34246 | C43: 35 | D43: =IF(G43="","","X") -> X | E43: =B43&""&D43 -> 34246X | F43: 27O | G43: INTCRIT | H43: MA | I43: FERREIRA SOARES | J43: SYLVAIN | K43: P. | L43: P. | M43: P. | N43: P. | O43: P. | R43: P. | S43: P. | T43: P. | U43: P. | V43: P.
B44: 34254 | C44: 35 | D44: =IF(G44="","","X") -> X | E44: =B44&""&D44 -> 34254X | F44: 27O | G44: INTCRIT | H44: MA | I44: HURAY | J44: HERVE | K44: P. | L44: P. | M44: P. | N44: P. | O44: P. | R44: P. | S44: P. | T44: P. | U44: P. | V44: P.
B45: 105924 | C45: 35 | D45: x | E45: =B45&""&D45 -> 105924x | F45: 27O | G45: INTCRIT | H45: OP | I45: LE BAILLIF | J45: DIMITRI | K45: P. | L45: P. | M45: P. | N45: P. | O45: P. | R45: P. | S45: P. | T45: P. | U45: P. | V45: P.
B46: 63720 | C46: 35 | D46: =IF(G46="","","X") -> X | E46: =B46&""&D46 -> 63720X | F46: 27O | G46: INTCRIT | H46: MA | I46: ROQUES | J46: ROMAIN | K46: P. | L46: P. | M46: P. | N46: P. | O46: P. | R46: P. | S46: P. | T46: P. | U46: P. | V46: P.
B47: 101367 | C47: 35 | D47: =IF(G47="","","X") -> X | E47: =B47&""&D47 -> 101367X | F47: 27O | G47: INTHUMA | H47: MA | I47: JERIBI | J47: SYDNEY | K47: P. | L47: P. | M47: P. | N47: P. | O47: P. | R47: P. | S47: P. | T47: P. | U47: P. | V47: P.
B48: 64319 | C48: 35 | D48: =IF(G48="","","X") -> X | E48: =B48&""&D48 -> 64319X | F48: CFP | G48: CDD | H48: OP | I48: BAILHACHE | J48: CAMILLE | K48: P. | L48: P. | M48: P. | N48: P. | O48: P. | R48: P. | S48: P. | T48: P. | U48: P. | V48: P.
B49: 41615 | C49: 35 | D49: =IF(G49="","","X") -> X | E49: =B49&""&D49 -> 41615X | F49: CFP | G49: CDD | H49: OP | I49: GLACET | J49: BRYAN | K49: P. | L49: P. | M49: P. | N49: P. | O49: P. | R49: P. | S49: P. | T49: P. | U49: P. | V49: P.
B50: 2946 | C50: 35 | D50: =IF(G50="","","X") -> X | E50: =B50&""&D50 -> 2946X | F50: CFP | G50: CDD | H50: OP | I50: HONNET | J50: SARAH | K50: P. | L50: P. | M50: P. | N50: P. | O50: P. | R50: AUTRE | S50: AUTRE | T50: AUTRE | U50: P. | V50: P.
B51: 55426 | C51: 35 | D51: =IF(G51="","","X") -> X | E51: =B51&""&D51 -> 55426X | F51: CFP | G51: CDD | H51: OP | I51: LECLERC | J51: LUDIVINE | K51: P. | L51: P. | M51: P. | N51: P. | O51: P. | R51: P. | S51: P. | T51: P. | U51: P. | V51: P.
B52: 104720 | C52: 35 | D52: =IF(G52="","","X") -> X | E52: =B52&""&D52 -> 104720X | F52: CFP | G52: CDD | H52: OP | I52: MAILLARD | J52: LUDIVINE | K52: P. | L52: P. | M52: P. | N52: P. | O52: P. | R52: P. | S52: P. | T52: P. | U52: P. | V52: P.
B53: 106155 | C53: 35 | D53: X | E53: =B53&""&D53 -> 106155X | F53: CFP | G53: CDD | H53: OP | I53: PETIT | J53: JESSICA | K53: P. | L53: P. | M53: P. | N53: P. | O53: P. | R53: P. | S53: P. | T53: P. | U53: P. | V53: P.
B54: 44174 | C54: 28 | D54: =IF(G54="","","X") -> X | E54: =B54&""&D54 -> 44174X | F54: CFP | G54: CDI | H54: OP | I54: AMNANOU EL | J54: MUSTAPHA | K54: P. | L54: P. | M54: P. | N54: P. | O54: P. | R54: P. | S54: P. | T54: P. | U54: P. | V54: P.
B55: 107809 | C55: 39 | D55: X | E55: =B55&""&D55 -> 107809X | F55: CFP | G55: CDI | H55: OP | I55: BESNARD | J55: PATRICIA | K55: P. | L55: P. | M55: P. | N55: P. | O55: P. | R55: P. | S55: P. | T55: P. | U55: P. | V55: P.
B56: I | C56: 35 | D56: X | E56: =B56&""&D56 -> IX | F56: CFP | G56: CDI | H56: OP | I56: BETTENCOURT | J56: AURELIE | K56: P. | L56: P. | M56: P. | N56: P. | O56: P. | R56: P. | S56: P. | T56: P. | U56: P. | V56: P.
B57: I | C57: 35 | D57: X | E57: =B57&""&D57 -> IX | F57: CFP | G57: CDI | H57: OP | I57: BOUTEILLER | J57: AUDREY | K57: P. | L57: P. | M57: P. | N57: P. | O57: P. | R57: P. | S57: P. | T57: P. | U57: P. | V57: P.
B58: I | C58: 35 | D58: X | E58: =B58&""&D58 -> IX | F58: CFP | G58: CDI | H58: OP | I58: BRISSET | J58: LEA | K58: P. | L58: P. | M58: P. | N58: P. | O58: P. | R58: P. | S58: P. | T58: P. | U58: P. | V58: P.
B59: 60964 | C59: 35 | D59: X | E59: =B59&""&D59 -> 60964X | F59: CFP | G59: CDI | H59: OP | I59: DELAHAYE | J59: JEANNINE | K59: P. | L59: P. | M59: P. | N59: P. | O59: P. | R59: P. | S59: P. | T59: P. | U59: P. | V59: P.
B60: 107560 | C60: 35 | D60: x | E60: =B60&""&D60 -> 107560x | F60: CFP | G60: CDI | H60: OP | I60: DOUCHE | J60: ANAIS | K60: P. | L60: P. | M60: P. | N60: P. | O60: P. | R60: P. | S60: P. | T60: P. | U60: P. | V60: P.
B61: 107523 | C61: 35 | D61: X | E61: =B61&""&D61 -> 107523X | F61: CFP | G61: CDI | H61: OP | I61: DUBOIS | J61: ELOISE | K61: P. | L61: P. | M61: P. | N61: P. | O61: P. | R61: P. | S61: P. | T61: P. | U61: P. | V61: P.
B62: 107561 | C62: 35 | D62: X | E62: =B62&""&D62 -> 107561X | F62: CFP | G62: CDI | H62: OP | I62: DUMOUCHEL | J62: AMANDINE | K62: P. | L62: P. | M62: P. | N62: P. | O62: P. | R62: P. | S62: P. | T62: P. | U62: P. | V62: P.
B63: 107766 | C63: 35 | D63: X | E63: =B63&""&D63 -> 107766X | F63: CFP | G63: CDI | H63: OP | I63: FAFIN | J63: LYDIE | K63: P. | L63: P. | M63: P. | N63: P. | O63: P. | R63: P. | S63: P. | T63: P. | U63: P. | V63: P.
B64: 105687 | C64: 35 | D64: X | E64: =B64&""&D64 -> 105687X | F64: CFP | G64: CDI | H64: OP | I64: FOLLEBARBE | J64: AMANDINE | K64: P. | L64: P. | M64: P. | N64: P. | O64: P. | R64: P. | S64: P. | T64: P. | U64: P. | V64: P.
B65: 17158 | C65: 35 | D65: =IF(G65="","","X") -> X | E65: =B65&""&D65 -> 17158X | F65: CFP | G65: CDI | H65: OP | I65: FOUTREL | J65: BARBARA | K65: P. | L65: P. | M65: P. | N65: P. | O65: P. | R65: P. | S65: P. | T65: P. | U65: P. | V65: P.
B66: 56493 | C66: 35 | D66: =IF(G66="","","X") -> X | E66: =B66&""&D66 -> 56493X | F66: CFP | G66: CDI | H66: OP | I66: GUERIN | J66: ALEXANDRA | K66: P. | L66: P. | M66: P. | N66: P. | O66: P. | R66: P. | S66: P. | T66: P. | U66: P. | V66: P.
B67: 59329 | C67: 35 | D67: =IF(G67="","","X") -> X | E67: =B67&""&D67 -> 59329X | F67: CFP | G67: CDI | H67: OP | I67: HAREL | J67: CYNTHIA | K67: P. | L67: P. | M67: P. | N67: P. | O67: P. | R67: P. | S67: P. | T67: P. | U67: P. | V67: P.
B68: 46325 | C68: 35 | D68: =IF(G68="","","X") -> X | E68: =B68&""&D68 -> 46325X | F68: CFP | G68: CDI | H68: OP | I68: LAMOTTE | J68: ADELAIDE | K68: P. | L68: P. | M68: P. | N68: P. | O68: P. | R68: P. | S68: P. | T68: P. | U68: P. | V68: P.
B69: 105075 | C69: 35 | D69: =IF(G69="","","X") -> X | E69: =B69&""&D69 -> 105075X | F69: CFP | G69: CDI | H69: OP | I69: LEGENDRE | J69: MELANIE | K69: P. | L69: P. | M69: P. | N69: P. | O69: P. | R69: P. | S69: P. | T69: P. | U69: P. | V69: P.
B70: 53663 | C70: 35 | D70: =IF(G70="","","X") -> X | E70: =B70&""&D70 -> 53663X | F70: CFP | G70: CDI | H70: OP | I70: PAISANT | J70: CHRISTINE | K70: P. | L70: P. | M70: P. | N70: P. | O70: P. | R70: P. | S70: P. | T70: P. | U70: P. | V70: P.
B71: 75987 | C71: 35 | D71: =IF(G71="","","X") -> X | E71: =B71&""&D71 -> 75987X | F71: CFP | G71: CDI | H71: OP | I71: SAUVAGE | J71: EMELINE | K71: P. | L71: P. | M71: P. | N71: P. | O71: P. | R71: P. | S71: P. | T71: P. | U71: P. | V71: P.
B72: 106566 | C72: 35 | D72: x | E72: =B72&""&D72 -> 106566x | F72: CFP | G72: CDI | H72: OP | I72: SIMON | J72: MEGANE | K72: P. | L72: P. | M72: P. | N72: P. | O72: P. | R72: P. | S72: P. | T72: P. | U72: P. | V72: P.
B73: 60962 | C73: 35 | D73: =IF(G73="","","X") -> X | E73: =B73&""&D73 -> 60962X | F73: CFP | G73: CDI | H73: OP | I73: TROUSSEL | J73: PAULINE | K73: P. | L73: P. | M73: P. | N73: P. | O73: P. | R73: P. | S73: P. | T73: P. | U73: P. | V73: P.
B74: 35508 | C74: 28 | D74: =IF(G74="","","X") -> X | E74: =B74&""&D74 -> 35508X | F74: CFP | G74: COG | H74: ACE | I74: DESCHAMPS | J74: SOLENNE | K74: P. | L74: P. | M74: P. | N74: P. | O74: P. | R74: P. | S74: P. | T74: P. | U74: P. | V74: P.
B75: 107227 | C75: 35 | D75: X | E75: =B75&""&D75 -> 107227X | F75: CFP | G75: COG | H75: CE | I75: MAUGARD | J75: LAETITIA | K75: P. | L75: P. | M75: P. | N75: P. | O75: P. | R75: P. | S75: P. | T75: P. | U75: P. | V75: P.
B76: 47008 | C76: 35 | D76: =IF(G76="","","X") -> X | E76: =B76&""&D76 -> 47008X | F76: CFP | G76: INTCRIT | H76: OP | I76: LE GUERN | J76: MARIE PIERRE | K76: P. | L76: P. | M76: P. | N76: P. | O76: P. | R76: P. | S76: P. | T76: P. | U76: P. | V76: P.
B77: 16520 | C77: 35 | D77: =IF(G77="","","X") -> X | E77: =B77&""&D77 -> 16520X | F77: CFP | G77: INTCRIT | H77: OP | I77: LEVEQUE | J77: MATHILDE | K77: P. | L77: P. | M77: P. | N77: P. | O77: P. | R77: P. | S77: P. | T77: P. | U77: P. | V77: P.
B78: 65460 | C78: 35 | D78: =IF(G78="","","X") -> X | E78: =B78&""&D78 -> 65460X | F78: EUP | G78: CDD | H78: OP | I78: BUNEL | J78: SYLVIE | K78: P. | L78: P. | M78: P. | N78: P. | O78: P. | R78: P. | S78: P. | T78: P. | U78: P. | V78: P.
B79: 101638 | C79: 35 | D79: =IF(G79="","","X") -> X | E79: =B79&""&D79 -> 101638X | F79: EUP | G79: CDD | H79: OP | I79: CHEVALIER | J79: SABRINA | K79: P. | L79: P. | M79: P. | N79: P. | O79: P. | R79: P. | S79: P. | T79: P. | U79: P. | V79: P.
B80: 57034 | C80: 35 | D80: =IF(G80="","","X") -> X | E80: =B80&""&D80 -> 57034X | F80: EUP | G80: CDD | H80: OP | I80: CHEVALLIER | J80: JUSTINE | K80: P. | L80: P. | M80: P. | N80: P. | O80: P. | R80: P. | S80: P. | T80: P. | U80: P. | V80: P.
B81: 46263 | C81: 35 | D81: =IF(G81="","","X") -> X | E81: =B81&""&D81 -> 46263X | F81: EUP | G81: CDD | H81: OP | I81: MORAINE | J81: MANON | K81: P. | L81: P. | M81: P. | N81: P. | O81: P. | R81: P. | S81: P. | T81: P. | U81: P. | V81: P.
B82: 105559 | C82: 35 | D82: =IF(G82="","","X") -> X | E82: =B82&""&D82 -> 105559X | F82: EUP | G82: CDD | H82: OP | I82: PAPORE | J82: MARIE | K82: P. | L82: P. | M82: P. | N82: P. | O82: P. | R82: P. | S82: P. | T82: P. | U82: P. | V82: P.
B83: 48575 | C83: 35 | D83: =IF(G83="","","X") -> X | E83: =B83&""&D83 -> 48575X | F83: EUP | G83: CDD | H83: OP | I83: WARNAULT | J83: STEPHANIE | K83: P. | L83: P. | M83: P. | N83: P. | O83: P. | R83: P. | S83: P. | T83: P. | U83: P. | V83: P.
B84: 107228 | C84: 35 | D84: X | E84: =B84&""&D84 -> 107228X | F84: EUP | G84: CDI | H84: OP | I84: BABIN | J84: MYRIAM | K84: P. | L84: P. | M84: P. | N84: P. | O84: P. | R84: P. | S84: P. | T84: P. | U84: P. | V84: P.
B85: 54394 | C85: 39 | D85: =IF(G85="","","X") -> X | E85: =B85&""&D85 -> 54394X | F85: EUP | G85: CDI | H85: OP | I85: BLOT | J85: SOPHIE | K85: P. | L85: P. | M85: P. | N85: P. | O85: P. | R85: P. | S85: P. | T85: P. | U85: P. | V85: P.
B86: 18596 | C86: 39 | D86: =IF(G86="","","X") -> X | E86: =B86&""&D86 -> 18596X | F86: EUP | G86: CDI | H86: OP | I86: COLOMBEL | J86: LUCIE | K86: P. | L86: P. | M86: P. | N86: P. | O86: P. | R86: P. | S86: P. | T86: P. | U86: P. | V86: P.
B87: I | C87: 35 | D87: X | E87: =B87&""&D87 -> IX | F87: EUP | G87: CDI | H87: OP | I87: COUTURIER | J87: DORINE | K87: P. | L87: P. | M87: P. | N87: P. | O87: P. | R87: P. | S87: P. | T87: P. | U87: P. | V87: P.
B88: I | C88: 35 | D88: X | E88: =B88&""&D88 -> IX | F88: EUP | G88: CDI | H88: OP | I88: DELARUE | J88: CLAUDINE | K88: P. | L88: P. | M88: P. | N88: P. | O88: P. | R88: P. | S88: P. | T88: P. | U88: P. | V88: P.
B89: 105080 | C89: 35 | D89: =IF(G89="","","X") -> X | E89: =B89&""&D89 -> 105080X | F89: EUP | G89: CDI | H89: OP | I89: DELAUNAY | J89: MARIE-FRANCE | K89: P. | L89: P. | M89: P. | N89: P. | O89: P. | R89: P. | S89: P. | T89: P. | U89: P. | V89: P.
B90: 107055 | C90: 35 | D90: X | E90: =B90&""&D90 -> 107055X | F90: EUP | G90: CDI | H90: OP | I90: DEMOUSTIER | J90: LYNDA-STEPHANIE | K90: P. | L90: P. | M90: P. | N90: P. | O90: P. | R90: P. | S90: P. | T90: P. | U90: P. | V90: P.
B91: 74435 | C91: 35 | D91: X | E91: =B91&""&D91 -> 74435X | F91: EUP | G91: CDI | H91: OP | I91: DUMONTIER | J91: MARINE | K91: P. | L91: P. | M91: P. | N91: P. | O91: P. | R91: P. | S91: P. | T91: P. | U91: P. | V91: P.
B92: 105538 | C92: 35 | D92: X | E92: =B92&""&D92 -> 105538X | F92: EUP | G92: CDI | H92: OP | I92: DUPEROUX | J92: CHARLENE | K92: P. | L92: P. | M92: P. | N92: P. | O92: P. | R92: P. | S92: P. | T92: P. | U92: P. | V92: P.
B93: 107316 | C93: 35 | D93: X | E93: =B93&""&D93 -> 107316X | F93: EUP | G93: CDI | H93: ACE | I93: FRESTEL | J93: SOPHIE | K93: P. | L93: P. | M93: P. | N93: P. | O93: P. | R93: P. | S93: P. | T93: P. | U93: P. | V93: P.
B94: 104816 | C94: 35 | D94: =IF(G94="","","X") -> X | E94: =B94&""&D94 -> 104816X | F94: EUP | G94: CDI | H94: OP | I94: GONCALVES | J94: BARTHA | K94: P. | L94: P. | M94: P. | N94: P. | O94: P. | R94: P. | S94: P. | T94: P. | U94: P. | V94: P.
B95: 23895 | C95: 28 | D95: =IF(G95="","","X") -> X | E95: =B95&""&D95 -> 23895X | F95: EUP | G95: CDI | H95: OP | I95: LEGENDRE | J95: MAGALI | K95: P. | L95: P. | M95: P. | N95: P. | O95: P. | R95: P. | S95: P. | T95: P. | U95: P. | V95: P.
B96: 16824 | C96: 39 | D96: =IF(G96="","","X") -> X | E96: =B96&""&D96 -> 16824X | F96: EUP | G96: CDI | H96: OP | I96: LETELLIER | J96: FLORENCE | K96: P. | L96: P. | M96: P. | N96: P. | O96: P. | R96: P. | S96: P. | T96: P. | U96: P. | V96: P.
B97: 16345 | C97: 39 | D97: =IF(G97="","","X") -> X | E97: =B97&""&D97 -> 16345X | F97: EUP | G97: CDI | H97: OP | I97: MARTIN | J97: ALEXANDRA | K97: P. | L97: P. | M97: P. | N97: P. | O97: P. | R97: P. | S97: P. | T97: P. | U97: P. | V97: P.
B98: 34475 | C98: 39 | D98: =IF(G98="","","X") -> X | E98: =B98&""&D98 -> 34475X | F98: EUP | G98: CDI | H98: OP | I98: MATIFAS | J98: JESSICA | K98: P. | L98: P. | M98: P. | N98: P. | O98: P. | R98: P. | S98: P. | T98: P. | U98: P. | V98: P.
B99: 16931 | C99: 35 | D99: =IF(G99="","","X") -> X | E99: =B99&""&D99 -> 16931X | F99: EUP | G99: CDI | H99: OP | I99: MAUTUIT | J99: MURIELLE | K99: P. | L99: P. | M99: P. | N99: P. | O99: P. | R99: P. | S99: P. | T99: P. | U99: P. | V99: P.
B100: 105862 | C100: 35 | D100: =IF(G100="","","X") -> X | E100: =B100&""&D100 -> 105862X | F100: EUP | G100: CDI | H100: ACE | I100: MORAINE | J100: GERALDINE | K100: P. | L100: P. | M100: P. | N100: P. | O100: P. | R100: P. | S100: P. | T100: P. | U100: P. | V100: P.
B101: 65239 | C101: 39 | D101: =IF(G101="","","X") -> X | E101: =B101&""&D101 -> 65239X | F101: EUP | G101: CDI | H101: OP | I101: PREVEL | J101: FLORINE | K101: P. | L101: P. | M101: P. | N101: P. | O101: P. | R101: P. | S101: P. | T101: P. | U101: P. | V101: P.
B102: 16162 | C102: 35 | D102: =IF(G102="","","X") -> X | E102: =B102&""&D102 -> 16162X | F102: EUP | G102: CDI | H102: OP | I102: TILLAUX | J102: FLORE | K102: P. | L102: P. | M102: P. | N102: P. | O102: P. | R102: P. | S102: P. | T102: P. | U102: P. | V102: P.
B103: 102433 | C103: 35 | D103: X | E103: =B103&""&D103 -> 102433X | F103: EUP | G103: CDI | H103: OP | I103: TOULAIN | J103: MELINDA | K103: P. | L103: P. | M103: P. | N103: P. | O103: P. | R103: P. | S103: P. | T103: P. | U103: P. | V103: P.
B104: 105940 | C104: 35 | D104: X | E104: =B104&""&D104 -> 105940X | F104: EUP | G104: CDI | H104: OP | I104: VESTU | J104: CORALIE | K104: P. | L104: P. | M104: P. | N104: P. | O104: P. | R104: P. | S104: P. | T104: P. | U104: P. | V104: P.
...

Sheet Feuil1 (2)
B3: MATRICULE | C3: BASE H | F3: SOCIETE | G3: STATUT | H3: FONCTION | I3: NOM | J3: PRENOM | K3: LUNDI | L3: MARDI | M3: MERCREDI | N3: JEUDI | O3: VENDREDI | Q3: STE | R3: CADENCE | S3: Hrs dispo | T3: Pcs théo | V3: STE | W3: EFFECTIF
B4: 107522 | C4: 35 | D4: X | E4: =B4&""&D4 -> 107522X | F4: PA | G4: CDD | H4: OP | I4: BOISARD | J4: MANON | K4: PA1ETIQ | L4: PA1ETIQ | M4: FERIE | N4: PA1ETIQ | O4: PA1ETIQ | Q4: PA1 | R4: 350 | V4: PA1
B5: 107804 | C5: 35 | D5: X | E5: =B5&""&D5 -> 107804X | F5: PA | G5: CDD | H5: OP | I5: GUINAND | J5: AUDREY | K5: PA1ETIQ | L5: PA1ETIQ | M5: FERIE | N5: PA1ETIQ | O5: PA1ETIQ | Q5: PA2 | R5: 350 | V5: PA2
C6: 35 | D6: x | E6: =B6&""&D6 -> x | F6: PA | G6: CDD | H6: OP | I6: MECHERI | J6: OCEANE | K6: PA1ETIQ | L6: PA1ETIQ | M6: FERIE | N6: PA1ETIQ | O6: PA1ETIQ | Q6: CFP1 | R6: 350 | V6: CFP1
B7: 104224 | C7: 35 | D7: =IF(G7="","","X") -> X | E7: =B7&""&D7 -> 104224X | F7: PA | G7: CDI | H7: OP | I7: CHAMBELLAN | J7: MAUD | K7: PA1ETIQ | L7: PA1ETIQ | M7: FERIE | N7: PA1ETIQ | O7: PA1ETIQ | Q7: CFP2 | R7: 350 | V7: CFP2
B8: 35714 | C8: 35 | D8: =IF(G8="","","X") -> X | E8: =B8&""&D8 -> 35714X | F8: PA | G8: CDI | H8: OP | I8: COUTURE | J8: LUCIE | K8: PA1ETIQ | L8: PA2ETIQ | M8: FERIE | N8: PA1ETIQ | O8: PA1ETIQ | Q8: EUP1 | R8: 350 | V8: EUP1
B9: 101143 | C9: 35 | D9: =IF(G9="","","X") -> X | E9: =B9&""&D9 -> 101143X | F9: PA | G9: CDI | H9: OP | I9: COUTURIER | J9: CHLOE | K9: PA1ETIQ | L9: PA2ETIQ | M9: FERIE | N9: PA1ETIQ | O9: PA1ETIQ | Q9: EUP2 | R9: 350 | V9: EUP2
B10: 101276 | C10: 35 | D10: =IF(G10="","","X") -> X | E10: =B10&""&D10 -> 101276X | F10: PA | G10: CDI | H10: OP | I10: COUTURIER | J10: SONIA | K10: PA1ETIQ | L10: PA2ETIQ | M10: FERIE | N10: PA1ETIQ | O10: PA1ETIQ
B11: 105076 | C11: 35 | D11: =IF(G11="","","X") -> X | E11: =B11&""&D11 -> 105076X | F11: PA | G11: CDI | H11: OP | I11: DEHAIS | J11: ANTHONY | K11: PA2ETIQ | L11: PA2ETIQ | M11: FERIE | N11: PA1ETIQ | O11: PA1ETIQ
B12: 59970 | C12: 35 | D12: =IF(G12="","","X") -> X | E12: =B12&""&D12 -> 59970X | F12: PA | G12: CDI | H12: ACE | I12: FOUTREL | J12: STEPHANIE | K12: PA1ETIQ | L12: PA2ETIQ | M12: FERIE | N12: PA1ETIQ | O12: PA1ETIQ | Q12: STE | R12: Nb pcs | S12: Hrs affecté | T12: Delta
B13: 72844 | C13: 35 | D13: =IF(G13="","","X") -> X | E13: =B13&""&D13 -> 72844X | F13: PA | G13: CDI | H13: OP | I13: GLINEL | J13: ANGELIQUE | K13: PA1ETIQ | L13: PA2ETIQ | M13: FERIE | N13: PA1ETIQ | O13: PA1ETIQ | Q13: PA1
B14: 71355 | C14: 35 | D14: =IF(G14="","","X") -> X | E14: =B14&""&D14 -> 71355X | F14: PA | G14: CDI | H14: ACE | I14: LAFOSSE | J14: OLIVIER | K14: ENCA PA | L14: ENCA PA | M14: FERIE | N14: ENCA PA | O14: ENCA PA | Q14: PA2
B15: 40688 | C15: 35 | D15: =IF(G15="","","X") -> X | E15: =B15&""&D15 -> 40688X | F15: PA | G15: CDI | H15: OP | I15: LEFRANCOIS | J15: SANDIE | K15: PA2ETIQ | L15: PA2ETIQ | M15: FERIE | N15: PA2ETIQ | O15: PA2ETIQ | Q15: CFP1
B16: 105600 | C16: 35 | D16: =IF(G16="","","X") -> X | E16: =B16&""&D16 -> 105600X | F16: PA | G16: CDI | H16: OP | I16: LENORMAND | J16: ANITA | K16: PA2ETIQ | L16: PA2ETIQ | M16: FERIE | N16: PA2ETIQ | O16: PA2ETIQ | Q16: CFP2
B17: 56995 | C17: 35 | D17: =IF(G17="","","X") -> X | E17: =B17&""&D17 -> 56995X | F17: PA | G17: CDI | H17: OP | I17: LESEIGNEUR | J17: DELPHINE | K17: PA2ETIQ | L17: PA2ETIQ | M17: FERIE | N17: PA2ETIQ | O17: PA2ETIQ | Q17: EUP1
B18: 104817 | C18: 35 | D18: =IF(G18="","","X") -> X | E18: =B18&""&D18 -> 104817X | F18: PA | G18: CDI | H18: OP | I18: MORCAMP | J18: FLAVIE | K18: PA2ETIQ | L18: PA2ETIQ | M18: FERIE | N18: PA2ETIQ | O18: PA2ETIQ | Q18: EUP2
B19: 27609 | C19: 35 | D19: =IF(G19="","","X") -> X | E19: =B19&""&D19 -> 27609X | F19: PA | G19: CDI | H19: OP | I19: PERNEL | J19: LUCIE | K19: PA2ETIQ | L19: PA2ETIQ | M19: FERIE | N19: PA2ETIQ | O19: PA2ETIQ
B20: 105254 | C20: 35 | D20: =IF(G20="","","X") -> X | E20: =B20&""&D20 -> 105254X | F20: PA | G20: CDI | H20: OP | I20: TESSIER | J20: PERRINE | K20: PA2ETIQ | L20: PA2ETIQ | M20: FERIE | N20: PA2ETIQ | O20: PA2ETIQ
B21: 104227 | C21: 35 | D21: =IF(G21="","","X") -> X | E21: =B21&""&D21 -> 104227X | F21: PA | G21: CDI | H21: ACE | I21: TUVACHE | J21: SOPHIE | K21: ENCA PA | L21: ENCA PA | M21: FERIE | N21: ENCA PA | O21: ENCA PA | Q21: POSTE | R21: LUNDI | S21: MARDI | T21: MERCREDI | U21: JEUDI | V21: VENDREDI
B22: 50139 | C22: 39 | D22: =IF(G22="","","X") -> X | E22: =B22&""&D22 -> 50139X | F22: PA | G22: COG | H22: CE | I22: NIBREU | J22: CLYDE | K22: ENCA PA | L22: ENCA PA | M22: FERIE | N22: ENCA PA | O22: ENCA PA | Q22: VRAC | R22: 12 | S22: 12 | T22: 12 | U22: 12 | V22: 12 | W22: BESOIN
B23: I | C23: 35 | D23: X | E23: =B23&""&D23 -> IX | F23: PA | G23: INTADE | H23: OP | I23: EBANDA | J23: GILBERT | K23: A | L23: A | M23: FERIE | N23: A | O23: A | W23: AFFECTE
B24: I | C24: 35 | D24: x | E24: =B24&""&D24 -> Ix | F24: PA | G24: INTADE | H24: MA | I24: HENRY | J24: ASHLEY | K24: A | L24: A | M24: FERIE | N24: A | O24: A | Q24: CAR | R24: 6 | S24: 6 | T24: 6 | U24: 6 | V24: 6
B25: I | C25: 35 | D25: X | E25: =B25&""&D25 -> IX | F25: PA | G25: INTCRIT | H25: OP | I25: BRUMEAU | J25: CYPRIEN | K25: A | L25: A | M25: FERIE | N25: A | O25: A
B26: I | C26: 35 | D26: X | E26: =B26&""&D26 -> IX | F26: PA | G26: INTCRIT | H26: OP | I26: MILLOT | J26: AURELIE | K26: A | L26: A | M26: FERIE | N26: A | O26: A | Q26: ENCA PA | R26: 3 | S26: 3 | T26: 3 | U26: 3 | V26: 3
B27: 101370 | C27: 35 | D27: X | E27: =B27&""&D27 -> 101370X | F27: EUP | G27: CDD | H27: OP | I27: BUNEL | J27: SYLVIE | K27: EUP1ETIQ | L27: EUP1ETIQ | M27: FERIE | N27: EUP1ETIQ | O27: EUP1ETIQ
B28: 107722 | C28: 35 | D28: x | E28: =B28&""&D28 -> 107722x | F28: EUP | G28: CDD | H28: OP | I28: CHEVALIER | J28: SABRINA | K28: EUP1ETIQ | L28: EUP1ETIQ | M28: FERIE | N28: EUP1ETIQ | O28: EUP1ETIQ | Q28: ENCA CFP | R28: 3 | S28: 3 | T28: 3 | U28: 3 | V28: 3
B29: 106565 | C29: 35 | D29: X | E29: =B29&""&D29 -> 106565X | F29: EUP | G29: CDD | H29: OP | I29: CHEVALLIER | J29: JUSTINE | K29: EUP1ETIQ | L29: EUP1ETIQ | M29: FERIE | N29: EUP1ETIQ | O29: EUP1ETIQ
B30: 107892 | C30: 35 | D30: X | E30: =B30&""&D30 -> 107892X | F30: EUP | G30: CDD | H30: OP | I30: MORAINE | J30: MANON | K30: EUP1ETIQ | L30: EUP1ETIQ | M30: FERIE | N30: EUP1ETIQ | O30: EUP1ETIQ | Q30: ENCA EUP | R30: 3 | S30: 3 | T30: 3 | U30: 3 | V30: 3
B31: 102329 | C31: 35 | D31: X | E31: =B31&""&D31 -> 102329X | F31: EUP | G31: CDD | H31: OP | I31: PAPORE | J31: MARIE | K31: EUP1ETIQ | L31: EUP1ETIQ | M31: FERIE | N31: EUP1ETIQ | O31: EUP1ETIQ
B32: 106564 | C32: 35 | D32: X | E32: =B32&""&D32 -> 106564X | F32: EUP | G32: CDD | H32: OP | I32: WARNAULT | J32: STEPHANIE | K32: EUP1ETIQ | L32: EUP1ETIQ | M32: FERIE | N32: EUP1ETIQ | O32: EUP1ETIQ | Q32: FILM | R32: 5 | S32: 5 | T32: 5 | U32: 5 | V32: 5
B33: 32116 | C33: 35 | D33: =IF(G33="","","X") -> X | E33: =B33&""&D33 -> 32116X | F33: EUP | G33: CDI | H33: OP | I33: BABIN | J33: MYRIAM | K33: EUP1ETIQ | L33: EUP1ETIQ | M33: FERIE | N33: EUP1ETIQ | O33: EUP1ETIQ
B34: 101839 | C34: 35 | D34: =IF(G34="","","X") -> X | E34: =B34&""&D34 -> 101839X | F34: EUP | G34: CDI | H34: OP | I34: BLOT | J34: SOPHIE | K34: EUP1ETIQ | L34: EUP1ETIQ | M34: FERIE | N34: EUP1ETIQ | O34: EUP1ETIQ | Q34: ECHANT | R34: 3 | S34: 3 | T34: 3 | U34: 3 | V34: 3
B35: 56999 | C35: 35 | D35: =IF(G35="","","X") -> X | E35: =B35&""&D35 -> 56999X | F35: EUP | G35: CDI | H35: OP | I35: COLOMBEL | J35: LUCIE | K35: EUP1ETIQ | L35: EUP1ETIQ | M35: FERIE | N35: EUP1ETIQ | O35: EUP1ETIQ
B36: 36705 | C36: 35 | D36: =IF(G36="","","X") -> X | E36: =B36&""&D36 -> 36705X | F36: EUP | G36: CDI | H36: OP | I36: COUTURIER | J36: DORINE | K36: EUP1ETIQ | L36: EUP1ETIQ | M36: FERIE | N36: EUP1ETIQ | O36: EUP1ETIQ | Q36: FI | R36: 1 | S36: 1 | T36: 1 | U36: 1 | V36: 1
B37: 33008 | C37: 35 | D37: =IF(G37="","","X") -> X | E37: =B37&""&D37 -> 33008X | F37: EUP | G37: CDI | H37: OP | I37: DELARUE | J37: CLAUDINE | K37: EUP1ETIQ | L37: EUP1ETIQ | M37: FERIE | N37: EUP1ETIQ | O37: EUP1ETIQ
B38: 33388 | C38: 35 | D38: =IF(G38="","","X") -> X | E38: =B38&""&D38 -> 33388X | F38: EUP | G38: CDI | H38: OP | I38: DELAUNAY | J38: MARIE-FRANCE | K38: EUP1ETIQ | L38: EUP1ETIQ | M38: FERIE | N38: EUP1ETIQ | O38: EUP1ETIQ | Q38: PTRI | R38: 2 | S38: 2 | T38: 2 | U38: 2 | V38: 2
B39: 51530 | C39: 35 | D39: =IF(G39="","","X") -> X | E39: =B39&""&D39 -> 51530X | F39: EUP | G39: CDI | H39: OP | I39: DEMOUSTIER | J39: LYNDA-STEPHANIE | K39: EUP1ETIQ | L39: EUP1ETIQ | M39: FERIE | N39: EUP1ETIQ | O39: EUP1ETIQ
B40: 105536 | C40: 35 | D40: X | E40: =B40&""&D40 -> 105536X | F40: EUP | G40: CDI | H40: OP | I40: DUMONTIER | J40: MARINE | K40: EUP1ETIQ | L40: EUP1ETIQ | M40: FERIE | N40: EUP1ETIQ | O40: EUP1ETIQ | Q40: ETIQ | R40: 1 | S40: 1 | T40: 1 | U40: 1 | V40: 1
B41: 71336 | C41: 35 | D41: =IF(G41="","","X") -> X | E41: =B41&""&D41 -> 71336X | F41: EUP | G41: CDI | H41: OP | I41: DUPEROUX | J41: CHARLENE | K41: EUP1ETIQ | L41: EUP1ETIQ | M41: FERIE | N41: EUP1ETIQ | O41: EUP1ETIQ
B42: 34246 | C42: 35 | D42: =IF(G42="","","X") -> X | E42: =B42&""&D42 -> 34246X | F42: EUP | G42: CDI | H42: ACE | I42: FRESTEL | J42: SOPHIE | K42: EUP2ETIQ | L42: EUP2ETIQ | M42: FERIE | N42: EUP1ETIQ | O42: EUP2ETIQ
B43: 34254 | C43: 35 | D43: =IF(G43="","","X") -> X | E43: =B43&""&D43 -> 34254X | F43: EUP | G43: CDI | H43: OP | I43: GONCALVES | J43: BARTHA | K43: EUP2ETIQ | L43: EUP2ETIQ | M43: FERIE | N43: EUP2ETIQ | O43: EUP2ETIQ
B44: 105924 | C44: 35 | D44: x | E44: =B44&""&D44 -> 105924x | F44: EUP | G44: CDI | H44: OP | I44: LEGENDRE | J44: MAGALI | K44: EUP2ETIQ | L44: EUP2ETIQ | M44: FERIE | N44: EUP2ETIQ | O44: EUP2ETIQ
B45: 63720 | C45: 35 | D45: =IF(G45="","","X") -> X | E45: =B45&""&D45 -> 63720X | F45: EUP | G45: CDI | H45: OP | I45: LETELLIER | J45: FLORENCE | K45: EUP2ETIQ | L45: EUP2ETIQ | M45: FERIE | N45: EUP2ETIQ | O45: EUP2ETIQ
B46: 101367 | C46: 35 | D46: =IF(G46="","","X") -> X | E46: =B46&""&D46 -> 101367X | F46: EUP | G46: CDI | H46: OP | I46: MARTIN | J46: ALEXANDRA | K46: EUP2ETIQ | L46: EUP2ETIQ | M46: FERIE | N46: EUP2ETIQ | O46: EUP2ETIQ
B47: 64319 | C47: 35 | D47: =IF(G47="","","X") -> X | E47: =B47&""&D47 -> 64319X | F47: EUP | G47: CDI | H47: OP | I47: MATIFAS | J47: JESSICA | K47: EUP2ETIQ | L47: EUP2ETIQ | M47: FERIE | N47: EUP2ETIQ | O47: EUP2ETIQ
B48: 41615 | C48: 35 | D48: =IF(G48="","","X") -> X | E48: =B48&""&D48 -> 41615X | F48: EUP | G48: CDI | H48: OP | I48: MAUTUIT | J48: MURIELLE | K48: EUP2ETIQ | L48: EUP2ETIQ | M48: FERIE | N48: EUP2ETIQ | O48: EUP2ETIQ
B49: 2946 | C49: 35 | D49: =IF(G49="","","X") -> X | E49: =B49&""&D49 -> 2946X | F49: EUP | G49: CDI | H49: ACE | I49: MORAINE | J49: GERALDINE | K49: ENCA EUP | L49: ENCA EUP | M49: FERIE | N49: ENCA EUP | O49: ENCA EUP
B50: 55426 | C50: 35 | D50: =IF(G50="","","X") -> X | E50: =B50&""&D50 -> 55426X | F50: EUP | G50: CDI | H50: OP | I50: PREVEL | J50: FLORINE | K50: A | L50: A | M50: FERIE | N50: A | O50: A
B51: 104720 | C51: 35 | D51: =IF(G51="","","X") -> X | E51: =B51&""&D51 -> 104720X | F51: EUP | G51: CDI | H51: OP | I51: TILLAUX | J51: FLORE | K51: EUP2ETIQ | L51: EUP2ETIQ | M51: FERIE | N51: EUP2ETIQ | O51: EUP2ETIQ
B52: 106155 | C52: 35 | D52: X | E52: =B52&""&D52 -> 106155X | F52: EUP | G52: CDI | H52: OP | I52: TOULAIN | J52: MELINDA | K52: EUP2ETIQ | L52: EUP2ETIQ | M52: FERIE | N52: EUP2ETIQ | O52: EUP2ETIQ
B53: 44174 | C53: 28 | D53: =IF(G53="","","X") -> X | E53: =B53&""&D53 -> 44174X | F53: EUP | G53: CDI | H53: OP | I53: VESTU | J53: CORALIE | K53: EUP2ETIQ | L53: EUP2ETIQ | M53: FERIE | N53: EUP2ETIQ | O53: EUP2ETIQ
B54: 107809 | C54: 39 | D54: X | E54: =B54&""&D54 -> 107809X | F54: EUP | G54: COG | H54: CE | I54: CHAMP | J54: CHRISTOPHER | K54: ENCA EUP | L54: ENCA EUP | M54: FERIE | N54: ENCA EUP | O54: ENCA EUP
B55: I | C55: 35 | D55: X | E55: =B55&""&D55 -> IX | F55: EUP | G55: INTADE | H55: OP | I55: AUVRAY | J55: MANON | K55: A | L55: A | M55: FERIE | N55: A | O55: A
B56: I | C56: 35 | D56: X | E56: =B56&""&D56 -> IX | F56: EUP | G56: INTCRIT | H56: OP | I56: MORAINVILLE | J56: DOMINIQUE | K56: A | L56: A | M56: FERIE | N56: A | O56: A
B57: I | C57: 35 | D57: X | E57: =B57&""&D57 -> IX | F57: EUP | G57: INTCRIT | H57: OP | I57: PARIS | J57: ALLAN | K57: A | L57: A | M57: FERIE | N57: A | O57: A | S57: jeu 25 | T57: jeu
B58: 60964 | C58: 35 | D58: X | E58: =B58&""&D58 -> 60964X | F58: CFP | G58: CDD | H58: OP | I58: BAILHACHE | J58: CAMILLE | K58: CFP1ETIQ | L58: CFP1ETIQ | M58: FERIE | N58: CFP1ETIQ | O58: CFP1ETIQ
B59: 107560 | C59: 35 | D59: x | E59: =B59&""&D59 -> 107560x | F59: CFP | G59: CDD | H59: OP | I59: GLACET | J59: BRYAN | K59: CFP1ETIQ | L59: CFP1ETIQ | M59: FERIE | N59: CFP1ETIQ | O59: CFP1ETIQ | S59: =IF(OR(LEFT(S57,1)="s",LEFT(S57,1)="d"),1,0) -> 0 | T59: =IF(OR(LEFT(T57,1)="s",LEFT(T57,1)="d"),1,0) -> 0
B60: 107523 | C60: 35 | D60: X | E60: =B60&""&D60 -> 107523X | F60: CFP | G60: CDD | H60: OP | I60: HONNET | J60: SARAH | K60: CFP1ETIQ | L60: CFP1ETIQ | M60: FERIE | N60: CFP1ETIQ | O60: CFP1ETIQ
B61: 107561 | C61: 35 | D61: X | E61: =B61&""&D61 -> 107561X | F61: CFP | G61: CDD | H61: OP | I61: LECLERC | J61: LUDIVINE | K61: CFP1ETIQ | L61: CFP1ETIQ | M61: FERIE | N61: CFP1ETIQ | O61: CFP1ETIQ
B62: 107766 | C62: 35 | D62: X | E62: =B62&""&D62 -> 107766X | F62: CFP | G62: CDD | H62: OP | I62: MAILLARD | J62: LUDIVINE | K62: CFP2ETIQ | L62: CFP1TRI | M62: FERIE | N62: CFP1ETIQ | O62: CFP1ETIQ
B63: 105687 | C63: 35 | D63: X | E63: =B63&""&D63 -> 105687X | F63: CFP | G63: CDD | H63: OP | I63: PETIT | J63: JESSICA | K63: A | L63: A | M63: FERIE | N63: A | O63: A
B64: 17158 | C64: 35 | D64: =IF(G64="","","X") -> X | E64: =B64&""&D64 -> 17158X | F64: CFP | G64: CDI | H64: OP | I64: AMNANOU EL | J64: MUSTAPHA | K64: CFP1ETIQ | L64: CFP1ETIQ | M64: FERIE | N64: CFP1ETIQ | O64: CFP1ETIQ
B65: 56493 | C65: 35 | D65: =IF(G65="","","X") -> X | E65: =B65&""&D65 -> 56493X | F65: CFP | G65: CDI | H65: OP | I65: BESNARD | J65: PATRICIA | K65: CFP1ETIQ | L65: CFP1ETIQ | M65: FERIE | N65: CFP1ETIQ | O65: CFP1ETIQ
B66: 59329 | C66: 35 | D66: =IF(G66="","","X") -> X | E66: =B66&""&D66 -> 59329X | F66: CFP | G66: CDI | H66: OP | I66: BETTENCOURT | J66: AURELIE | K66: CFP1ETIQ | L66: CFP1ETIQ | M66: FERIE | N66: CFP1ETIQ | O66: CFP1ETIQ
B67: 46325 | C67: 35 | D67: =IF(G67="","","X") -> X | E67: =B67&""&D67 -> 46325X | F67: CFP | G67: CDI | H67: OP | I67: BOUTEILLER | J67: AUDREY | K67: ENCA CFP | L67: ENCA CFP | M67: FERIE | N67: ENCA CFP | O67: ENCA CFP
B68: 105075 | C68: 35 | D68: =IF(G68="","","X") -> X | E68: =B68&""&D68 -> 105075X | F68: CFP | G68: CDI | H68: OP | I68: BRISSET | J68: LEA | K68: CFP2ETIQ | L68: CFP2ETIQ | M68: FERIE | N68: CFP2ETIQ | O68: CFP2ETIQ
B69: 53663 | C69: 35 | D69: =IF(G69="","","X") -> X | E69: =B69&""&D69 -> 53663X | F69: CFP | G69: CDI | H69: OP | I69: DELAHAYE | J69: JEANNINE | K69: CFP2ETIQ | L69: CFP2ETIQ | M69: FERIE | N69: CFP2ETIQ | O69: CFP2ETIQ
B70: 75987 | C70: 35 | D70: =IF(G70="","","X") -> X | E70: =B70&""&D70 -> 75987X | F70: CFP | G70: CDI | H70: OP | I70: DOUCHE | J70: ANAIS | K70: CFP2ETIQ | L70: CFP2ETIQ | M70: FERIE | N70: CFP2ETIQ | O70: CFP2ETIQ
B71: 106566 | C71: 35 | D71: x | E71: =B71&""&D71 -> 106566x | F71: CFP | G71: CDI | H71: OP | I71: DUBOIS | J71: ELOISE | K71: CFP2ETIQ | L71: CFP2ETIQ | M71: FERIE | N71: CFP2ETIQ | O71: CFP2ETIQ
B72: 60962 | C72: 35 | D72: =IF(G72="","","X") -> X | E72: =B72&""&D72 -> 60962X | F72: CFP | G72: CDI | H72: OP | I72: DUMOUCHEL | J72: AMANDINE | K72: CFP2ETIQ | L72: CFP2ETIQ | M72: FERIE | N72: CFP2ETIQ | O72: CFP2ETIQ
B73: 35508 | C73: 28 | D73: =IF(G73="","","X") -> X | E73: =B73&""&D73 -> 35508X | F73: CFP | G73: CDI | H73: OP | I73: FAFIN | J73: LYDIE | K73: CFP2ETIQ | L73: CFP2ETIQ | M73: FERIE | N73: CFP2ETIQ | O73: CFP2ETIQ
B74: 107227 | C74: 35 | D74: X | E74: =B74&""&D74 -> 107227X | F74: CFP | G74: CDI | H74: OP | I74: FOLLEBARBE | J74: AMANDINE | K74: CFP2ETIQ | L74: CFP2ETIQ | M74: FERIE | N74: CFP2ETIQ | O74: CFP2ETIQ
B75: 47008 | C75: 35 | D75: =IF(G75="","","X") -> X | E75: =B75&""&D75 -> 47008X | F75: CFP | G75: CDI | H75: OP | I75: FOUTREL | J75: BARBARA | K75: CFP2ETIQ | L75: CFP2ETIQ | M75: FERIE | N75: CFP2ETIQ | O75: CFP2ETIQ
B76: 16520 | C76: 35 | D76: =IF(G76="","","X") -> X | E76: =B76&""&D76 -> 16520X | F76: CFP | G76: CDI | H76: OP | I76: GUERIN | J76: ALEXANDRA | K76: CFP2ETIQ | L76: CFP2ETIQ | M76: FERIE | N76: CFP2ETIQ | O76: CFP2ETIQ
B77: 65460 | C77: 35 | D77: =IF(G77="","","X") -> X | E77: =B77&""&D77 -> 65460X | F77: CFP | G77: CDI | H77: OP | I77: HAREL | J77: CYNTHIA | K77: CFP2ETIQ | L77: CFP2ETIQ | M77: FERIE | N77: CFP2ETIQ | O77: CFP2ETIQ
B78: 101638 | C78: 35 | D78: =IF(G78="","","X") -> X | E78: =B78&""&D78 -> 101638X | F78: CFP | G78: CDI | H78: OP | I78: LAMOTTE | J78: ADELAIDE | K78: CFP2ETIQ | L78: CFP2ETIQ | M78: FERIE | N78: CFP2ETIQ | O78: CFP2ETIQ
B79: 57034 | C79: 35 | D79: =IF(G79="","","X") -> X | E79: =B79&""&D79 -> 57034X | F79: CFP | G79: CDI | H79: OP | I79: LEGENDRE | J79: MELANIE | K79: CFP2ETIQ | L79: CFP2ETIQ | M79: FERIE | N79: CFP2ETIQ | O79: CFP2ETIQ
B80: 46263 | C80: 35 | D80: =IF(G80="","","X") -> X | E80: =B80&""&D80 -> 46263X | F80: CFP | G80: CDI | H80: OP | I80: PAISANT | J80: CHRISTINE | K80: CFP2ETIQ | L80: CFP2ETIQ | M80: FERIE | N80: CFP2ETIQ | O80: CFP2ETIQ
B81: 105559 | C81: 35 | D81: =IF(G81="","","X") -> X | E81: =B81&""&D81 -> 105559X | F81: CFP | G81: CDI | H81: OP | I81: SAUVAGE | J81: EMELINE | K81: CFP2ETIQ | L81: CFP2ETIQ | M81: FERIE | N81: CFP2ETIQ | O81: CFP2ETIQ
B82: 48575 | C82: 35 | D82: =IF(G82="","","X") -> X | E82: =B82&""&D82 -> 48575X | F82: CFP | G82: CDI | H82: OP | I82: SIMON | J82: MEGANE | K82: CFP2ETIQ | L82: CFP2ETIQ | M82: FERIE | N82: CFP2ETIQ | O82: CFP2ETIQ
B83: 107228 | C83: 35 | D83: X | E83: =B83&""&D83 -> 107228X | F83: CFP | G83: CDI | H83: OP | I83: TROUSSEL | J83: PAULINE | K83: CFP2ETIQ | L83: CFP2ETIQ | M83: FERIE | N83: CFP2ETIQ | O83: CFP2ETIQ
B84: 54394 | C84: 39 | D84: =IF(G84="","","X") -> X | E84: =B84&""&D84 -> 54394X | F84: CFP | G84: COG | H84: ACE | I84: DESCHAMPS | J84: SOLENNE | K84: ENCA CFP | L84: ENCA CFP | M84: FERIE | N84: ENCA CFP | O84: ENCA CFP
B85: 18596 | C85: 39 | D85: =IF(G85="","","X") -> X | E85: =B85&""&D85 -> 18596X | F85: CFP | G85: COG | H85: CE | I85: MAUGARD | J85: LAETITIA | K85: ENCA CFP | L85: ENCA CFP | M85: FERIE | N85: ENCA CFP | O85: ENCA CFP
B86: I | C86: 35 | D86: X | E86: =B86&""&D86 -> IX | F86: CFP | G86: INTCRIT | H86: OP | I86: LE GUERN | J86: MARIE PIERRE | K86: A | L86: A | M86: FERIE | N86: A | O86: A
B87: I | C87: 35 | D87: X | E87: =B87&""&D87 -> IX | F87: CFP | G87: INTCRIT | H87: OP | I87: LEVEQUE | J87: MATHILDE | K87: A | L87: A | M87: FERIE | N87: A | O87: A
B88: 105080 | C88: 35 | D88: =IF(G88="","","X") -> X | E88: =B88&""&D88 -> 105080X | F88: 27O | G88: CDD | H88: CA | I88: FAUVEL | J88: MICKAELE | K88: CAR | L88: CAR | M88: FERIE | N88: CAR | O88: CAR
B89: 107055 | C89: 35 | D89: X | E89: =B89&""&D89 -> 107055X | F89: 27O | G89: CDD | H89: CA | I89: OUSSENI | J89: BAROUFOUDINE | K89: VRAC | L89: VRAC | M89: FERIE | N89: VRAC | O89: VRAC
B90: 74435 | C90: 35 | D90: X | E90: =B90&""&D90 -> 74435X | F90: 27O | G90: CDD | H90: OP | I90: QUERELLE | J90: TEDDY | K90: VRAC | L90: VRAC | M90: FERIE | N90: VRAC | O90: VRAC
B91: 105538 | C91: 35 | D91: X | E91: =B91&""&D91 -> 105538X | F91: 27O | G91: CDD | H91: OP | I91: SARTIAUX | J91: ANTHONY | K91: VRAC | L91: VRAC | M91: FERIE | N91: VRAC | O91: VRAC
B92: 107316 | C92: 35 | D92: X | E92: =B92&""&D92 -> 107316X | F92: 27O | G92: CDD | H92: CA | I92: SERFATI | J92: KEVIN | K92: CAR | L92: CAR | M92: FERIE | N92: CAR | O92: CAR
B93: 104816 | C93: 35 | D93: =IF(G93="","","X") -> X | E93: =B93&""&D93 -> 104816X | F93: 27O | G93: CDI | H93: OP | I93: ACARD | J93: THIERRY | K93: A | L93: A | M93: FERIE | N93: A | O93: A
B94: 23895 | C94: 28 | D94: =IF(G94="","","X") -> X | E94: =B94&""&D94 -> 23895X | F94: 27O | G94: CDI | H94: CQ | I94: AUBRON | J94: CHARLENE | K94: ECHANT | L94: ECHANT | M94: FERIE | N94: ECHANT | O94: ECHANT
B95: 16824 | C95: 39 | D95: =IF(G95="","","X") -> X | E95: =B95&""&D95 -> 16824X | F95: 27O | G95: CDI | H95: REX | I95: BAUDOUIN | J95: VANESSA | K95: A | L95: A | M95: FERIE | N95: A | O95: A
B96: 16345 | C96: 39 | D96: =IF(G96="","","X") -> X | E96: =B96&""&D96 -> 16345X | F96: 27O | G96: CDI | H96: ADM | I96: BESNARD | J96: LAURA | K96: A | L96: A | M96: FERIE | N96: A | O96: A
B97: 34475 | C97: 39 | D97: =IF(G97="","","X") -> X | E97: =B97&""&D97 -> 34475X | F97: 27O | G97: CDI | H97: RR | I97: BESSIN | J97: TRISTANA | K97: A | L97: A | M97: FERIE | N97: A | O97: A
B98: 16931 | C98: 35 | D98: =IF(G98="","","X") -> X | E98: =B98&""&D98 -> 16931X | F98: 27O | G98: CDI | H98: CQ | I98: BOIRON | J98: ALEXIA | K98: ECHANT | L98: ECHANT | M98: FERIE | N98: ECHANT | O98: ECHANT
B99: 105862 | C99: 35 | D99: =IF(G99="","","X") -> X | E99: =B99&""&D99 -> 105862X | F99: 27O | G99: CDI | H99: OP | I99: BOTELLE | J99: SANDRA | K99: FILM | L99: FILM | M99: FERIE | N99: FILM | O99: FILM
B100: 65239 | C100: 39 | D100: =IF(G100="","","X") -> X | E100: =B100&""&D100 -> 65239X | F100: 27O | G100: CDI | H100: CA | I100: CARON | J100: RAYAN | K100: A | L100: A | M100: FERIE | N100: A | O100: A
B101: 16162 | C101: 35 | D101: =IF(G101="","","X") -> X | E101: =B101&""&D101 -> 16162X | F101: 27O | G101: CDI | H101: OP | I101: CHEVALIER | J101: DEBORAH | K101: PTRI | L101: PTRI | M101: FERIE | N101: PTRI | O101: PTRI
B102: 102433 | C102: 35 | D102: X | E102: =B102&""&D102 -> 102433X | F102: 27O | G102: CDI | H102: OP | I102: CLAUDE | J102: GUILLAUME | K102: VRAC | L102: VRAC | M102: FERIE | N102: VRAC | O102: VRAC
...

Sheet TDB V2
F2: S01 | M2: ="S"&WEEKNUM(M33) -> S2 | T2: ="S"&WEEKNUM(T33) -> S3 | AA2: ="S"&WEEKNUM(AA33) -> S4 | AH2: ="S"&WEEKNUM(AH33) -> S5 | AO2: ="S"&WEEKNUM(AO33) -> S6 | AV2: ="S"&WEEKNUM(AV33) -> S7 | BC2: ="S"&WEEKNUM(BC33) -> S8 | BJ2: ="S"&WEEKNUM(BJ33) -> S9 | BQ2: ="S"&WEEKNUM(BQ33) -> S10 | BX2: ="S"&WEEKNUM(BX33) -> S11 | CE2: ="S"&WEEKNUM(CE33) -> S12 | CL2: ="S"&WEEKNUM(CL33) -> S13 | CS2: ="S"&WEEKNUM(CS33) -> S14 | CZ2: ="S"&WEEKNUM(CZ33) -> S15 | DG2: ="S"&WEEKNUM(DG33) -> S16 | DN2: ="S"&WEEKNUM(DN33) -> S17 | DU2: ="S"&WEEKNUM(DU33) -> S18 | EB2: ="S"&WEEKNUM(EB33) -> S19 | EI2: ="S"&WEEKNUM(EI33) -> S20 | EP2: ="S"&WEEKNUM(EP33) -> S21 | EW2: ="S"&WEEKNUM(EW33) -> S22 | FD2: ="S"&WEEKNUM(FD33) -> S23 | FK2: ="S"&WEEKNUM(FK33) -> S24 | FR2: ="S"&WEEKNUM(FR33) -> S25 | FY2: ="S"&WEEKNUM(FY33) -> S26 | GF2: ="S"&WEEKNUM(GF33) -> S27 | GM2: ="S"&WEEKNUM(GM33) -> S28 | GT2: ="S"&WEEKNUM(GT33) -> S29 | HA2: ="S"&WEEKNUM(HA33) -> S30 | HH2: ="S"&WEEKNUM(HH33) -> S31 | HO2: ="S"&WEEKNUM(HO33) -> S32 | HV2: ="S"&WEEKNUM(HV33) -> S33 | IC2: ="S"&WEEKNUM(IC33) -> S34 | IJ2: ="S"&WEEKNUM(IJ33) -> S35 | IQ2: ="S"&WEEKNUM(IQ33) -> S36 | IX2: ="S"&WEEKNUM(IX33) -> S37 | JE2: ="S"&WEEKNUM(JE33) -> S38 | JL2: ="S"&WEEKNUM(JL33) -> S39 | JS2: ="S"&WEEKNUM(JS33) -> S40 | JZ2: ="S"&WEEKNUM(JZ33) -> S41 | KG2: ="S"&WEEKNUM(KG33) -> S42 | KN2: ="S"&WEEKNUM(KN33) -> S43 | KU2: ="S"&WEEKNUM(KU33) -> S44 | LB2: ="S"&WEEKNUM(LB33) -> S45 | LI2: ="S"&WEEKNUM(LI33) -> S46 | LP2: ="S"&WEEKNUM(LP33) -> S47 | LW2: ="S"&WEEKNUM(LW33) -> S48 | MD2: ="S"&WEEKNUM(MD33) -> S49 | MK2: ="S"&WEEKNUM(MK33) -> S50 | MR2: ="S"&WEEKNUM(MR33) -> S51 | MY2: ="S"&WEEKNUM(MY33) -> S52 | NF2: ="S"&WEEKNUM(NF33) -> S53 | NM2: ="S"&WEEKNUM(NM33) -> S2
F4: Prod. | G4: Valeur obj. | I4: H. prod | J4: P.U | K4: Val théo | M4: Prod. | N4: Valeur obj. | P4: H. prod | Q4: P.U | R4: Val théo | T4: Prod. | U4: Valeur obj. | W4: H. prod | X4: P.U | Y4: Val théo | AA4: Prod. | AB4: Valeur obj. | AD4: H. prod | AE4: P.U | AF4: Val théo | AH4: Prod. | AI4: Valeur obj. | AK4: H. prod | AL4: P.U | AM4: Val théo | AO4: Prod. | AP4: Valeur obj. | AR4: H. prod | AS4: P.U | AT4: Val théo | AV4: Prod. | AW4: Valeur obj. | AY4: H. prod | AZ4: P.U | BA4: Val théo | BC4: Prod. | BD4: Valeur obj. | BF4: H. prod | BG4: P.U | BH4: Val théo | BJ4: Prod. | BK4: Valeur obj. | BM4: H. prod | BN4: P.U | BO4: Val théo | BQ4: Prod. | BR4: Valeur obj. | BT4: H. prod | BU4: P.U | BV4: Val théo | BX4: Prod. | BY4: Valeur obj. | CA4: H. prod | CB4: P.U | CC4: Val théo | CE4: Prod. | CF4: Valeur obj. | CH4: H. prod | CI4: P.U | CJ4: Val théo | CL4: Prod. | CM4: Valeur obj. | CO4: H. prod | CP4: P.U | CQ4: Val théo | CS4: Prod. | CT4: Valeur obj. | CV4: H. prod | CW4: P.U | CX4: Val théo | CZ4: Prod. | DA4: Valeur obj. | DC4: H. prod | DD4: P.U | DE4: Val théo | DG4: Prod. | DH4: Valeur obj. | DJ4: H. prod | DK4: P.U | DL4: Val théo | DN4: Prod. | DO4: Valeur obj. | DQ4: H. prod | DR4: P.U | DS4: Val théo | DU4: Prod. | DV4: Valeur obj. | DX4: H. prod | DY4: P.U | DZ4: Val théo | EB4: Prod. | EC4: Valeur obj. | EE4: H. prod | EF4: P.U | EG4: Val théo | EI4: Prod. | EJ4: Valeur obj. | EL4: H. prod | EM4: P.U | EN4: Val théo | EP4: Prod. | EQ4: Valeur obj. | ES4: H. prod | ET4: P.U | EU4: Val théo | EW4: Prod. | EX4: Valeur obj. | EZ4: H. prod | FA4: P.U | FB4: Val théo | FD4: Prod. | FE4: Valeur obj. | FG4: H. prod | FH4: P.U | FI4: Val théo | FK4: Prod. | FL4: Valeur obj. | FN4: H. prod | FO4: P.U | FP4: Val théo | FR4: Prod. | FS4: Valeur obj. | FU4: H. prod | FV4: P.U | FW4: Val théo | FY4: Prod. | FZ4: Valeur obj. | GB4: H. prod | GC4: P.U | GD4: Val théo | GF4: Prod. | GG4: Valeur obj. | GI4: H. prod | GJ4: P.U | GK4: Val théo | GM4: Prod. | GN4: Valeur obj. | GP4: H. prod | GQ4: P.U | GR4: Val théo | GT4: Prod. | GU4: Valeur obj. | GW4: H. prod | GX4: P.U | GY4: Val théo | HA4: Prod. | HB4: Valeur obj. | HD4: H. prod | HE4: P.U | HF4: Val théo | HH4: Prod. | HI4: Valeur obj. | HK4: H. prod | HL4: P.U | HM4: Val théo | HO4: Prod. | HP4: Valeur obj. | HR4: H. prod | HS4: P.U | HT4: Val théo | HV4: Prod. | HW4: Valeur obj. | HY4: H. prod | HZ4: P.U | IA4: Val théo | IC4: Prod. | ID4: Valeur obj. | IF4: H. prod | IG4: P.U | IH4: Val théo | IJ4: Prod. | IK4: Valeur obj. | IM4: H. prod | IN4: P.U | IO4: Val théo | IQ4: Prod. | IR4: Valeur obj. | IT4: H. prod | IU4: P.U | IV4: Val théo | IX4: Prod. | IY4: Valeur obj. | JA4: H. prod | JB4: P.U | JC4: Val théo | JE4: Prod. | JF4: Valeur obj. | JH4: H. prod | JI4: P.U | JJ4: Val théo | JL4: Prod. | JM4: Valeur obj. | JO4: H. prod | JP4: P.U | JQ4: Val théo | JS4: Prod. | JT4: Valeur obj. | JV4: H. prod | JW4: P.U | JX4: Val théo | JZ4: Prod. | KA4: Valeur obj. | KC4: H. prod | KD4: P.U | KE4: Val théo | KG4: Prod. | KH4: Valeur obj. | KJ4: H. prod | KK4: P.U | KL4: Val théo | KN4: Prod. | KO4: Valeur obj. | KQ4: H. prod | KR4: P.U | KS4: Val théo | KU4: Prod. | KV4: Valeur obj. | KX4: H. prod | KY4: P.U | KZ4: Val théo | LB4: Prod. | LC4: Valeur obj. | LE4: H. prod | LF4: P.U | LG4: Val théo | LI4: Prod. | LJ4: Valeur obj. | LL4: H. prod | LM4: P.U | LN4: Val théo | LP4: Prod. | LQ4: Valeur obj. | LS4: H. prod | LT4: P.U | LU4: Val théo | LW4: Prod. | LX4: Valeur obj. | LZ4: H. prod | MA4: P.U | MB4: Val théo | MD4: Prod. | ME4: Valeur obj. | MG4: H. prod | MH4: P.U | MI4: Val théo | MK4: Prod. | ML4: Valeur obj. | MN4: H. prod | MO4: P.U | MP4: Val théo | MR4: Prod. | MS4: Valeur obj. | MU4: H. prod | MV4: P.U | MW4: Val théo | MY4: Prod. | MZ4: Valeur obj. | NB4: H. prod | NC4: P.U | ND4: Val théo | NF4: Prod. | NG4: Valeur obj. | NI4: H. prod | NJ4: P.U | NK4: Val théo | NM4: Prod. | NN4: Valeur obj. | NP4: H. prod | NQ4: P.U | NR4: Val théo
F5: 600 | G5: 2600000 | I5: =(G5/F5) -> 4333.3333 | J5: 3 | K5: =I7*J5*F9 -> 3707550 | M5: 600 | N5: 2600000 | P5: =(N5/M5) -> 4333.3333 | Q5: 3 | R5: =P7*Q5*M9 -> 3514896 | T5: 600 | U5: 3000000 | W5: =(U5/T5) -> 5000 | X5: 2.9 | Y5: =W7*X5*T9 -> 4194183 | AA5: 600 | AB5: 2600000 | AD5: =(AB5/AA5) -> 4333.3333 | AE5: 2.9 | AF5: =AD7*AE5*AA9 -> 3423087.5 | AH5: 600 | AI5: 2600000 | AK5: =(AI5/AH5) -> 4333.3333 | AL5: 2.9 | AM5: =AK7*AL5*AH9 -> 3351022.5 | AO5: 600 | AP5: 2600000 | AR5: =(AP5/AO5) -> 4333.3333 | AS5: 2.5 | AT5: =AR7*AS5*AO9 -> 3288187.5 | AV5: 600 | AW5: 2600000 | AY5: =(AW5/AV5) -> 4333.3333 | AZ5: 2.7 | BA5: =AY7*AZ5*AV9 -> 3146755.5 | BC5: 600 | BD5: 2600000 | BF5: =(BD5/BC5) -> 4333.3333 | BG5: 2.8 | BH5: =BF7*BG5*BC9 -> 3235470 | BJ5: 600 | BK5: 2600000 | BM5: =(BK5/BJ5) -> 4333.3333 | BN5: 3.2 | BO5: =BM7*BN5*BJ9 -> 3360000 | BQ5: 600 | BR5: 2200000 | BT5: =(BR5/BQ5) -> 3666.6667 | BU5: 2.7 | BV5: =BT7*BU5*BQ9 -> 2835000 | BX5: 600 | BY5: 2600000 | CA5: =(BY5/BX5) -> 4333.3333 | CB5: 2.8 | CC5: =CA7*CB5*BX9 -> 3073280 | CE5: 600 | CF5: 2600000 | CH5: =(CF5/CE5) -> 4333.3333 | CI5: 3.1 | CJ5: =CH7*CI5*CE9 -> 3194240 | CL5: 600 | CM5: 2600000 | CO5: =(CM5/CL5) -> 4333.3333 | CP5: 3.1 | CQ5: =CO7*CP5*CL9 -> 3314675 | CS5: 600 | CT5: 2600000 | CV5: =(CT5/CS5) -> 4333.3333 | CW5: 3 | CX5: =CV7*CW5*CS9 -> 3192000 | CZ5: 600 | DA5: 2600000 | DC5: =(DA5/CZ5) -> 4333.3333 | DD5: 2.9 | DE5: =DC7*DD5*CZ9 -> 2968672 | DG5: 600 | DH5: 2600000 | DJ5: =(DH5/DG5) -> 4333.3333 | DK5: 3.1 | DL5: =DJ7*DK5*DG9 -> 2821000 | DN5: 600 | DO5: 2100000 | DQ5: =(DO5/DN5) -> 3500 | DR5: 2.9 | DS5: =DQ7*DR5*DN9 -> 2599212 | DU5: 645 | DV5: 2160000 | DX5: =(DV5/DU5) -> 3348.8372 | DY5: 3.1 | DZ5: =DX7*DY5*DU9 -> 2722482 | EB5: 600 | EC5: 2800000 | EE5: =(EC5/EB5) -> 4666.6667 | EF5: 3 | EG5: =EE7*EF5*EB9 -> 2870280 | EI5: 600 | EJ5: 2600000 | EL5: =(EJ5/EI5) -> 4333.3333 | EM5: 3 | EN5: =EL7*EM5*EI9 -> 2989350 | EP5: 600 | EQ5: 2200000 | ES5: =(EQ5/EP5) -> 3666.6667 | ET5: 2.2 | EU5: =ES7*ET5*EP9 -> 2312310 | EW5: 600 | EX5: 2600000 | EZ5: =(EX5/EW5) -> 4333.3333 | FA5: 3 | FB5: =EZ7*FA5*EW9 -> 2945250 | FD5: 600 | FE5: 2600000 | FG5: =(FE5/FD5) -> 4333.3333 | FH5: 3.5 | FI5: =FG7*FH5*FD9 -> 3638250 | FK5: 600 | FL5: 2600000 | FN5: =(FL5/FK5) -> 4333.3333 | FO5: 3 | FP5: =FN7*FO5*FK9 -> 2808000 | FR5: 630 | FS5: 3000000 | FU5: =(FS5/FR5) -> 4761.9048 | FV5: 3 | FW5: =FU7*FV5*FR9 -> 3014550 | FY5: 630 | FZ5: 3000000 | GB5: =(FZ5/FY5) -> 4761.9048 | GC5: 3 | GD5: =GB7*GC5*FY9 -> 2936640 | GF5: 630 | GG5: 3000000 | GI5: =(GG5/GF5) -> 4761.9048 | GJ5: 3 | GK5: =GI7*GJ5*GF9 -> 2822400 | GM5: 630 | GN5: 3000000 | GP5: =(GN5/GM5) -> 4761.9048 | GQ5: 3 | GR5: =GP7*GQ5*GM9 -> 2755200 | GT5: 630 | GU5: 2600000 | GW5: =(GU5/GT5) -> 4126.9841 | GX5: 3 | GY5: =GW7*GX5*GT9 -> 2190720 | HA5: 630 | HB5: 3000000 | HD5: =(HB5/HA5) -> 4761.9048 | HE5: 3 | HF5: =HD7*HE5*HA9 -> 2520000 | HH5: 600 | HI5: 3000000 | HK5: =(HI5/HH5) -> 5000 | HL5: 3 | HM5: =HK7*HL5*HH9 -> 2545920 | HO5: 630 | HP5: 3000000 | HR5: =(HP5/HO5) -> 4761.9048 | HS5: 3 | HT5: =HR7*HS5*HO9 -> 2352000 | HV5: 630 | HW5: 3000000 | HY5: =(HW5/HV5) -> 4761.9048 | HZ5: 3 | IA5: =HY7*HZ5*HV9 -> 2452800 | IC5: 630 | ID5: 3000000 | IF5: =(ID5/IC5) -> 4761.9048 | IG5: 3 | IH5: =IF7*IG5*IC9 -> 2721600 | IJ5: 630 | IK5: 2200000 | IM5: =(IK5/IJ5) -> 3492.0635 | IN5: 3 | IO5: =IM7*IN5*IJ9 -> 2709000 | IQ5: 600 | IR5: 2600000 | IT5: =(IR5/IQ5) -> 4333.3333 | IU5: 3 | IV5: =IT7*IU5*IQ9 -> 2943360 | IX5: 600 | IY5: 2600000 | JA5: =(IY5/IX5) -> 4333.3333 | JB5: 3.1 | JC5: =JA7*JB5*IX9 -> 3124800 | JE5: 600 | JF5: 2600000 | JH5: =(JF5/JE5) -> 4333.3333 | JI5: 3.1 | JJ5: =JH7*JI5*JE9 -> 3632037.5 | JL5: 600 | JM5: 2600000 | JO5: =(JM5/JL5) -> 4333.3333 | JP5: 3 | JQ5: =JO7*JP5*JL9 -> 3595200 | JS5: 600 | JT5: 2600000 | JV5: =(JT5/JS5) -> 4333.3333 | JW5: 2.9 | JX5: =JV7*JW5*JS9 -> 3540320 | JZ5: 600 | KA5: 2600000 | KC5: =(KA5/JZ5) -> 4333.3333 | KD5: 3.1 | KE5: =KC7*KD5*JZ9 -> 3843612.5 | KG5: 600 | KH5: 2100000 | KJ5: =(KH5/KG5) -> 3500 | KK5: 2.9 | KL5: =KJ7*KK5*KG9 -> 3650955 | KN5: 645 | KO5: 2160000 | KQ5: =(KO5/KN5) -> 3348.8372 | KR5: 3.1 | KS5: =KQ7*KR5*KN9 -> 4021010 | KU5: 600 | KV5: 2800000 | KX5: =(KV5/KU5) -> 4666.6667 | KY5: 3 | KZ5: =KX7*KY5*KU9 -> 3834075 | LB5: 600 | LC5: 2600000 | LE5: =(LC5/LB5) -> 4333.3333 | LF5: 3 | LG5: =LE7*LF5*LB9 -> 3719625 | LI5: 600 | LJ5: 2200000 | LL5: =(LJ5/LI5) -> 3666.6667 | LM5: 2.2 | LN5: =LL7*LM5*LI9 -> 2769690 | LP5: 600 | LQ5: 2600000 | LS5: =(LQ5/LP5) -> 4333.3333 | LT5: 3 | LU5: =LS7*LT5*LP9 -> 3776850 | LW5: 600 | LX5: 2600000 | LZ5: =(LX5/LW5) -> 4333.3333 | MA5: 3.5 | MB5: =LZ7*MA5*LW9 -> 4005750 | MD5: 600 | ME5: 2600000 | MG5: =(ME5/MD5) -> 4333.3333 | MH5: 3.5 | MI5: =MG7*MH5*MD9 -> 4005750 | MK5: 600 | ML5: 2600000 | MN5: =(ML5/MK5) -> 4333.3333 | MO5: 3.5 | MP5: =MN7*MO5*MK9 -> 4005750 | MR5: 600 | MS5: 2600000 | MU5: =(MS5/MR5) -> 4333.3333 | MV5: 3.5 | MW5: =MU7*MV5*MR9 -> 4005750 | MY5: 600 | MZ5: 2600000 | NB5: =(MZ5/MY5) -> 4333.3333 | NC5: 3.5 | ND5: =NB7*NC5*MY9 -> 4005750 | NF5: 600 | NG5: 2600000 | NI5: =(NG5/NF5) -> 4333.3333 | NJ5: 3.5 | NK5: =NI7*NJ5*NF9 -> 4005750 | NM5: 600 | NN5: 2600000 | NP5: =(NN5/NM5) -> 4333.3333 | NQ5: 3.5 | NR5: =NP7*NQ5*NM9 -> 2572500
C6: PROD | F6: Eff. | G6: H besoin | I6: H aff. | K6: ▲ | M6: Eff. | N6: H besoin | P6: H aff. | R6: ▲ | T6: Eff. | U6: H besoin | W6: H aff. | Y6: ▲ | AA6: Eff. | AB6: H besoin | AD6: H aff. | AF6: ▲ | AH6: Eff. | AI6: H besoin | AK6: H aff. | AM6: ▲ | AO6: Eff. | AP6: H besoin | AR6: H aff. | AT6: ▲ | AV6: Eff. | AW6: H besoin | AY6: H aff. | BA6: ▲ | BC6: Eff. | BD6: H besoin | BF6: H aff. | BH6: ▲ | BJ6: Eff. | BK6: H besoin | BM6: H aff. | BO6: ▲ | BQ6: Eff. | BR6: H besoin | BT6: H aff. | BV6: ▲ | BX6: Eff. | BY6: H besoin | CA6: H aff. | CC6: ▲ | CE6: Eff. | CF6: H besoin | CH6: H aff. | CJ6: ▲ | CL6: Eff. | CM6: H besoin | CO6: H aff. | CQ6: ▲ | CS6: Eff. | CT6: H besoin | CV6: H aff. | CX6: ▲ | CZ6: Eff. | DA6: H besoin | DC6: H aff. | DE6: ▲ | DG6: Eff. | DH6: H besoin | DJ6: H aff. | DL6: ▲ | DN6: Eff. | DO6: H besoin | DQ6: H aff. | DS6: ▲ | DU6: Eff. | DV6: H besoin | DX6: H aff. | DZ6: ▲ | EB6: Eff. | EC6: H besoin | EE6: H aff. | EG6: ▲ | EI6: Eff. | EJ6: H besoin | EL6: H aff. | EN6: ▲ | EP6: Eff. | EQ6: H besoin | ES6: H aff. | EU6: ▲ | EW6: Eff. | EX6: H besoin | EZ6: H aff. | FB6: ▲ | FD6: Eff. | FE6: H besoin | FG6: H aff. | FI6: ▲ | FK6: Eff. | FL6: H besoin | FN6: H aff. | FP6: ▲ | FR6: Eff. | FS6: H besoin | FU6: H aff. | FW6: ▲ | FY6: Eff. | FZ6: H besoin | GB6: H aff. | GD6: ▲ | GF6: Eff. | GG6: H besoin | GI6: H aff. | GK6: ▲ | GM6: Eff. | GN6: H besoin | GP6: H aff. | GR6: ▲ | GT6: Eff. | GU6: H besoin | GW6: H aff. | GY6: ▲ | HA6: Eff. | HB6: H besoin | HD6: H aff. | HF6: ▲ | HH6: Eff. | HI6: H besoin | HK6: H aff. | HM6: ▲ | HO6: Eff. | HP6: H besoin | HR6: H aff. | HT6: ▲ | HV6: Eff. | HW6: H besoin | HY6: H aff. | IA6: ▲ | IC6: Eff. | ID6: H besoin | IF6: H aff. | IH6: ▲ | IJ6: Eff. | IK6: H besoin | IM6: H aff. | IO6: ▲ | IQ6: Eff. | IR6: H besoin | IT6: H aff. | IV6: ▲ | IX6: Eff. | IY6: H besoin | JA6: H aff. | JC6: ▲ | JE6: Eff. | JF6: H besoin | JH6: H aff. | JJ6: ▲ | JL6: Eff. | JM6: H besoin | JO6: H aff. | JQ6: ▲ | JS6: Eff. | JT6: H besoin | JV6: H aff. | JX6: ▲ | JZ6: Eff. | KA6: H besoin | KC6: H aff. | KE6: ▲ | KG6: Eff. | KH6: H besoin | KJ6: H aff. | KL6: ▲ | KN6: Eff. | KO6: H besoin | KQ6: H aff. | KS6: ▲ | KU6: Eff. | KV6: H besoin | KX6: H aff. | KZ6: ▲ | LB6: Eff. | LC6: H besoin | LE6: H aff. | LG6: ▲ | LI6: Eff. | LJ6: H besoin | LL6: H aff. | LN6: ▲ | LP6: Eff. | LQ6: H besoin | LS6: H aff. | LU6: ▲ | LW6: Eff. | LX6: H besoin | LZ6: H aff. | MB6: ▲ | MD6: Eff. | ME6: H besoin | MG6: H aff. | MI6: ▲ | MK6: Eff. | ML6: H besoin | MN6: H aff. | MP6: ▲ | MR6: Eff. | MS6: H besoin | MU6: H aff. | MW6: ▲ | MY6: Eff. | MZ6: H besoin | NB6: H aff. | ND6: ▲ | NF6: Eff. | NG6: H besoin | NI6: H aff. | NK6: ▲ | NM6: Eff. | NN6: H besoin | NP6: H aff. | NR6: ▲
F7: =F14+F21+F28 -> 107 | G7: =(G5/F5)*(1-0.4) -> 2600 | I7: =I14+I21+I28 -> 3745 | K7: =IF(G7<>0,I7-G7,0) -> 1145 | L7: =L14+L21+L28 -> 12.228571 | M7: =M14+M21+M28 -> 105.6 | N7: =(N5/M5)*(1-0.4) -> 2600 | P7: =P14+P21+P28 -> 3696 | R7: =IF(N7<>0,P7-N7,0) -> 1096 | S7: =S14+S21+S28 -> 12.228571 | T7: =T14+T21+T28 -> 97 | U7: =(U5/T5)*(1-0.4) -> 3000 | W7: =W14+W21+W28 -> 4074 | Y7: =IF(U7<>0,W7-U7,0) -> 1074 | Z7: =Z14+Z21+Z28 -> 13.428571 | AA7: =AA14+AA21+AA28 -> 95 | AB7: =SUM(AB14,AB21,AB28) -> 2084.507 | AD7: =AD14+AD21+AD28 -> 3325 | AF7: =IF(AB7<>0,AD7-AB7,0) -> 1240.493 | AG7: =AG14+AG21+AG28 -> 35.442656 | AH7: =AH14+AH21+AH28 -> 93 | AI7: =SUM(AI14,AI21,AI28) -> 2450.7042 | AK7: =AK14+AK21+AK28 -> 3255 | AM7: =IF(AI7<>0,AK7-AI7,0) -> 804.29577 | AO7: =AO14+AO21+AO28 -> 95 | AP7: =SUM(AP14,AP21,AP28) -> 2707.0423 | AR7: =AR14+AR21+AR28 -> 3705 | AT7: =IF(AP7<>0,AR7-AP7,0) -> 997.95775 | AU7: =AU14+AU21+AU28 -> 28.513078 | AV7: =AV14+AV21+AV28 -> 93.8 | AW7: =SUM(AW14,AW21,AW28) -> 2713.615 | AY7: =AY14+AY21+AY28 -> 3283 | BA7: =IF(AW7<>0,AY7-AW7,0) -> 569.38498 | BB7: =BB14+BB21+BB28 -> 16.268142 | BC7: =BC14+BC21+BC28 -> 93 | BD7: =SUM(BD14,BD21,BD28) -> 2616.7002 | BF7: =BF14+BF21+BF28 -> 3255 | BH7: =IF(BD7<>0,BF7-BD7,0) -> 638.2998 | BI7: =BI14+BI21+BI28 -> 18.237137 | BJ7: =BJ14+BJ21+BJ28 -> 100 | BK7: =SUM(BK14,BK21,BK28) -> 2709.375 | BM7: =BM14+BM21+BM28 -> 3500 | BO7: =IF(BK7<>0,BM7-BK7,0) -> 790.625 | BP7: =BP14+BP21+BP28 -> 22.589286 | BQ7: =BQ14+BQ21+BQ28 -> 100 | BR7: =SUM(BR14,BR21,BR28) -> 2714.8148 | BT7: =BT14+BT21+BT28 -> 3500 | BV7: =IF(BR7<>0,BT7-BR7,0) -> 785.18519 | BW7: =BW14+BW21+BW28 -> 22.433862 | BX7: =BX14+BX21+BX28 -> 93 | BY7: =SUM(BY14,BY21,BY28) -> 2902.9018 | CA7: =CA14+CA21+CA28 -> 3430 | CC7: =IF(BY7<>0,CA7-BY7,0) -> 527.09821 | CD7: =CD14+CD21+CD28 -> 15.059949 | CE7: =CE14+CE21+CE28 -> 92 | CF7: =SUM(CF14,CF21,CF28) -> 2017.1906 | CH7: =CH14+CH21+CH28 -> 3220 | CJ7: =IF(CF7<>0,CH7-CF7,0) -> 1202.8094 | CK7: =CK14+CK21+CK28 -> 34.365982 | CL7: =CL14+CL21+CL28 -> 94 | CM7: =SUM(CM14,CM21,CM28) -> 2581.6377 | CO7: =CO14+CO21+CO28 -> 3290 | CQ7: =IF(CM7<>0,CO7-CM7,0) -> 708.36228 | CR7: =CR14+CR21+CR28 -> 20.238922 | CS7: =CS14+CS21+CS28 -> 95 | CT7: =SUM(CT14,CT21,CT28) -> 2709.375 | CV7: =CV14+CV21+CV28 -> 3325 | CX7: =IF(CT7<>0,CV7-CT7,0) -> 615.625 | CY7: =CY14+CY21+CY28 -> 17.589286 | CZ7: =CZ14+CZ21+CZ28 -> 91.4 | DA7: =SUM(DA14,DA21,DA28) -> 2802.8017 | DC7: =DC14+DC21+DC28 -> 3199 | DE7: =IF(DA7<>0,DC7-DA7,0) -> 396.19828 | DF7: =DF14+DF21+DF28 -> 11.319951 | DG7: =DG14+DG21+DG28 -> 80 | DH7: =SUM(DH14,DH21,DH28) -> 2581.6377 | DJ7: =DJ14+DJ21+DJ28 -> 2800 | DL7: =IF(DH7<>0,DJ7-DH7,0) -> 218.36228 | DM7: =DM14+DM21+DM28 -> 6.2389224 | DN7: =DN14+DN21+DN28 -> 77.6 | DO7: =SUM(DO14,DO21,DO28) -> 2194.3574 | DQ7: =DQ14+DQ21+DQ28 -> 2716 | DS7: =IF(DO7<>0,DQ7-DO7,0) -> 521.64263 | DT7: =DT14+DT21+DT28 -> 14.904075 | DU7: =DU14+DU21+DU28 -> 73.8 | DV7: =SUM(DV14,DV21,DV28) -> 2049.3359 | DX7: =DX14+DX21+DX28 -> 2583 | DZ7: =IF(DV7<>0,DX7-DV7,0) -> 533.66414 | EA7: =EA14+EA21+EA28 -> 15.247547 | EB7: =EB14+EB21+EB28 -> 81.6 | EC7: =SUM(EC14,EC21,EC28) -> 2785.0746 | EE7: =EE14+EE21+EE28 -> 2856 | EG7: =IF(EC7<>0,EE7-EC7,0) -> 70.925373 | EH7: =SUM(EH14+EH21+EH28) -> 2.0264392 | EI7: =EI14+EI21+EI28 -> 87.6 | EJ7: =SUM(EJ14,EJ21,EJ28) -> 2667.6923 | EL7: =EL14+EL21+EL28 -> 3066 | EN7: =IF(EJ7<>0,EL7-EJ7,0) -> 398.30769 | EO7: =EO14+EO21+EO28 -> 11.38022 | EP7: =EP14+EP21+EP28 -> 91 | EQ7: =SUM(EQ14,EQ21,EQ28) -> 3028.9256 | ES7: =ES14+ES21+ES28 -> 3185 | EU7: =IF(EQ7<>0,ES7-EQ7,0) -> 156.07438 | EV7: =EV14+EV21+EV28 -> 4.459268 | EW7: =EW14+EW21+EW28 -> 85 | EX7: =SUM(EX14,EX21,EX28) -> 2627.2727 | EZ7: =EZ14+EZ21+EZ28 -> 2975 | FB7: =IF(EX7<>0,EZ7-EX7,0) -> 347.72727 | FC7: =FC14+FC21+FC28 -> 9.9350649 | FD7: =FD14+FD21+FD28 -> 90 | FE7: =SUM(FE14,FE21,FE28) -> 2727.2727 | FG7: =FG14+FG21+FG28 -> 3150 | FI7: =IF(FE7<>0,FG7-FE7,0) -> 422.72727 | FJ7: =FJ14+FJ21+FJ28 -> 12.077922 | FK7: =FK14+FK21+FK28 -> 75 | FL7: =SUM(FL14,FL21,FL28) -> 2812.5 | FN7: =FN14+FN21+FN28 -> 2925 | FP7: =IF(FL7<>0,FN7-FL7,0) -> 112.5 | FQ7: =FQ14+FQ21+FQ28 -> 3.2142857 | FR7: =FR14+FR21+FR28 -> 87 | FS7: =SUM(FS14,FS21,FS28) -> 3030.303 | FU7: =FU14+FU21+FU28 -> 3045 | FW7: =IF(FS7<>0,FU7-FS7,0) -> 14.69697 | FX7: =FX14+FX21+FX28 -> 0.41991342 | FY7: =FY14+FY21+FY28 -> 87.4 | FZ7: =SUM(FZ14,FZ21,FZ28) -> 3125 | GB7: =GB14+GB21+GB28 -> 3059 | GD7: =IF(FZ7<>0,GB7-FZ7,0) -> -66 | GE7: =GE14+GE21+GE28 -> -1.8857143 | GF7: =GF14+GF21+GF28 -> 84 | GG7: =SUM(GG14,GG21,GG28) -> 3125 | GI7: =GI14+GI21+GI28 -> 2940 | GK7: =IF(GG7<>0,GI7-GG7,0) -> -185 | GL7: =GL14+GL21+GL28 -> -5.2857143 | GM7: =GM14+GM21+GM28 -> 82 | GN7: =SUM(GN14,GN21,GN28) -> 3125 | GP7: =GP14+GP21+GP28 -> 2870 | GR7: =IF(GN7<>0,GP7-GN7,0) -> -255 | GS7: =GS14+GS21+GS28 -> -7.2857143 | GT7: =GT14+GT21+GT28 -> 65.2 | GU7: =SUM(GU14,GU21,GU28) -> 2709.375 | GW7: =GW14+GW21+GW28 -> 2282 | GY7: =IF(GU7<>0,GW7-GU7,0) -> -427.375 | GZ7: =GZ14+GZ21+GZ28 -> -12.210714 | HA7: =HA14+HA21+HA28 -> 75 | HB7: =SUM(HB14,HB21,HB28) -> 2718.75 | HD7: =HD14+HD21+HD28 -> 2625 | HF7: =IF(HB7<>0,HD7-HB7,0) -> -93.75 | HH7: =HH14+HH21+HH28 -> 68 | HI7: =SUM(HI14,HI21,HI28) -> 3003.125 | HK7: =HK14+HK21+HK28 -> 2652 | HM7: =IF(HI7<>0,HK7-HI7,0) -> -351.125 | HN7: =HN14+HN21+HN28 -> -10.032143 | HO7: =HO14+HO21+HO28 -> 70 | HP7: =SUM(HP14,HP21,HP28) -> 3125 | HR7: =HR14+HR21+HR28 -> 2450 | HT7: =IF(HP7<>0,HR7-HP7,0) -> -675 | HU7: =HU14+HU21+HU28 -> -19.285714 | HV7: =HV14+HV21+HV28 -> 73 | HW7: =SUM(HW14,HW21,HW28) -> 3125 | HY7: =HY14+HY21+HY28 -> 2555 | IA7: =IF(HW7<>0,HY7-HW7,0) -> -570 | IB7: =IB14+IB21+IB28 -> -16.285714 | IC7: =IC14+IC21+IC28 -> 81 | ID7: =SUM(ID14,ID21,ID28) -> 3125 | IF7: =IF14+IF21+IF28 -> 2835 | IH7: =IF(ID7<>0,IF7-ID7,0) -> -290 | II7: =II14+II21+II28 -> -8.2857143 | IJ7: =IJ14+IJ21+IJ28 -> 86 | IK7: =SUM(IK14,IK21,IK28) -> 2443.3333 | IM7: =IM14+IM21+IM28 -> 3010 | IO7: =IF(IK7<>0,IM7-IK7,0) -> 566.66667 | IP7: =IP14+IP21+IP28 -> 16.190476 | IQ7: =IQ14+IQ21+IQ28 -> 91.6 | IR7: =SUM(IR14,IR21,IR28) -> 2709.375 | IT7: =IT14+IT21+IT28 -> 3066 | IV7: =IF(IR7<>0,IT7-IR7,0) -> 356.625 | IW7: =IW14+IW21+IW28 -> 10.189286 | IX7: =IX14+IX21+IX28 -> 90 | IY7: =SUM(IY14,IY21,IY28) -> 2017.1906 | JA7: =JA14+JA21+JA28 -> 3150 | JC7: =IF(IY7<>0,JA7-IY7,0) -> 1132.8094 | JD7: =JD14+JD21+JD28 -> 32.365982 | JE7: =JE14+JE21+JE28 -> 103 | JF7: =SUM(JF14,JF21,JF28) -> 2581.6377 | JH7: =JH14+JH21+JH28 -> 3605 | JJ7: =IF(JF7<>0,JH7-JF7,0) -> 1023.3623 | JK7: =JK14+JK21+JK28 -> 29.238922 | JL7: =JL14+JL21+JL28 -> 107 | JM7: =SUM(JM14,JM21,JM28) -> 2709.375 | JO7: =JO14+JO21+JO28 -> 3745 | JQ7: =IF(JM7<>0,JO7-JM7,0) -> 1035.625 | JR7: =JR14+JR21+JR28 -> 29.589286 | JS7: =JS14+JS21+JS28 -> 109 | JT7: =SUM(JT14,JT21,JT28) -> 2802.8017 | JV7: =JV14+JV21+JV28 -> 3815 | JX7: =IF(JT7<>0,JV7-JT7,0) -> 1012.1983 | JY7: =JY14+JY21+JY28 -> 28.919951 | JZ7: =JZ14+JZ21+JZ28 -> 109 | KA7: =SUM(KA14,KA21,KA28) -> 2581.6377 | KC7: =KC14+KC21+KC28 -> 3815 | KE7: =IF(KA7<>0,KC7-KA7,0) -> 1233.3623 | KF7: =KF14+KF21+KF28 -> 35.238922 | KG7: =KG14+KG21+KG28 -> 109 | KH7: =SUM(KH14,KH21,KH28) -> 2194.3574 | KJ7: =KJ14+KJ21+KJ28 -> 3815 | KL7: =IF(KH7<>0,KJ7-KH7,0) -> 1620.6426 | KM7: =KM14+KM21+KM28 -> 46.304075 | KN7: =KN14+KN21+KN28 -> 109 | KO7: =SUM(KO14,KO21,KO28) -> 2049.3359 | KQ7: =KQ14+KQ21+KQ28 -> 3815 | KS7: =IF(KO7<>0,KQ7-KO7,0) -> 1765.6641 | KT7: =KT14+KT21+KT28 -> 50.447547 | KU7: =KU14+KU21+KU28 -> 109 | KV7: =SUM(KV14,KV21,KV28) -> 2785.0746 | KX7: =KX14+KX21+KX28 -> 3815 | KZ7: =IF(KV7<>0,KX7-KV7,0) -> 1029.9254 | LA7: =SUM(LA14+LA21+LA28) -> 29.426439 | LB7: =LB14+LB21+LB28 -> 109 | LC7: =SUM(LC14,LC21,LC28) -> 2667.6923 | LE7: =LE14+LE21+LE28 -> 3815 | LG7: =IF(LC7<>0,LE7-LC7,0) -> 1147.3077 | LH7: =LH14+LH21+LH28 -> 32.78022 | LI7: =LI14+LI21+LI28 -> 109 | LJ7: =SUM(LJ14,LJ21,LJ28) -> 3028.9256 | LL7: =LL14+LL21+LL28 -> 3815 | LN7: =IF(LJ7<>0,LL7-LJ7,0) -> 786.07438 | LO7: =LO14+LO21+LO28 -> 22.459268 | LP7: =LP14+LP21+LP28 -> 109 | LQ7: =SUM(LQ14,LQ21,LQ28) -> 2627.2727 | LS7: =LS14+LS21+LS28 -> 3815 | LU7: =IF(LQ7<>0,LS7-LQ7,0) -> 1187.7273 | LV7: =LV14+LV21+LV28 -> 33.935065 | LW7: =LW14+LW21+LW28 -> 109 | LX7: =SUM(LX14,LX21,LX28) -> 2477.1429 | LZ7: =LZ14+LZ21+LZ28 -> 3815 | MB7: =IF(LX7<>0,LZ7-LX7,0) -> 1337.8571 | MC7: =MC14+MC21+MC28 -> 38.22449 | MD7: =MD14+MD21+MD28 -> 109 | ME7: =SUM(ME14,ME21,ME28) -> 2477.1429 | MG7: =MG14+MG21+MG28 -> 3815 | MI7: =IF(ME7<>0,MG7-ME7,0) -> 1337.8571 | MJ7: =MJ14+MJ21+MJ28 -> 38.22449 | MK7: =MK14+MK21+MK28 -> 109 | ML7: =SUM(ML14,ML21,ML28) -> 2477.1429 | MN7: =MN14+MN21+MN28 -> 3815 | MP7: =IF(ML7<>0,MN7-ML7,0) -> 1337.8571 | MQ7: =MQ14+MQ21+MQ28 -> 38.22449 | MR7: =MR14+MR21+MR28 -> 109 | MS7: =SUM(MS14,MS21,MS28) -> 2477.1429 | MU7: =MU14+MU21+MU28 -> 3815 | MW7: =IF(MS7<>0,MU7-MS7,0) -> 1337.8571 | MX7: =MX14+MX21+MX28 -> 38.22449 | MY7: =MY14+MY21+MY28 -> 109 | MZ7: =SUM(MZ14,MZ21,MZ28) -> 2477.1429 | NB7: =NB14+NB21+NB28 -> 3815 | ND7: =IF(MZ7<>0,NB7-MZ7,0) -> 1337.8571 | NE7: =NE14+NE21+NE28 -> 38.22449 | NF7: =NF14+NF21+NF28 -> 109 | NG7: =SUM(NG14,NG21,NG28) -> 2477.1429 | NI7: =NI14+NI21+NI28 -> 3815 | NK7: =IF(NG7<>0,NI7-NG7,0) -> 1337.8571 | NL7: =NL14+NL21+NL28 -> 38.22449 | NM7: =NM14+NM21+NM28 -> 70 | NN7: =SUM(NN14,NN21,NN28) -> 2477.1429 | NP7: =NP14+NP21+NP28 -> 2450 | NR7: =IF(NN7<>0,NP7-NN7,0) -> -27.142857 | NS7: =NS14+NS21+NS28 -> -0.7755102
F8: Cad.moy | G8: Pcs fdr | I8: Pcs théo | K8: ▲ | M8: Cad.moy | N8: Pcs fdr | P8: Pcs théo | R8: ▲ | T8: Cad.moy | U8: Pcs fdr | W8: Pcs théo | Y8: ▲ | AA8: Cad.moy | AB8: Pcs fdr | AD8: Pcs théo | AF8: ▲ | AH8: Cad.moy | AI8: Pcs fdr | AK8: Pcs théo | AM8: ▲ | AO8: Cad.moy | AP8: Pcs fdr | AR8: Pcs théo | AT8: ▲ | AV8: Cad.moy | AW8: Pcs fdr | AY8: Pcs théo | BA8: ▲ | BC8: Cad.moy | BD8: Pcs fdr | BF8: Pcs théo | BH8: ▲ | BJ8: Cad.moy | BK8: Pcs fdr | BM8: Pcs théo | BO8: ▲ | BQ8: Cad.moy | BR8: Pcs fdr | BT8: Pcs théo | BV8: ▲ | BX8: Cad.moy | BY8: Pcs fdr | CA8: Pcs théo | CC8: ▲ | CE8: Cad.moy | CF8: Pcs fdr | CH8: Pcs théo | CJ8: ▲ | CL8: Cad.moy | CM8: Pcs fdr | CO8: Pcs théo | CQ8: ▲ | CS8: Cad.moy | CT8: Pcs fdr | CV8: Pcs théo | CX8: ▲ | CZ8: Cad.moy | DA8: Pcs fdr | DC8: Pcs théo | DE8: ▲ | DG8: Cad.moy | DH8: Pcs fdr | DJ8: Pcs théo | DL8: ▲ | DN8: Cad.moy | DO8: Pcs fdr | DQ8: Pcs théo | DS8: ▲ | DU8: Cad.moy | DV8: Pcs fdr | DX8: Pcs théo | DZ8: ▲ | EB8: Cad.moy | EC8: Pcs fdr | EE8: Pcs théo | EG8: ▲ | EI8: Cad.moy | EJ8: Pcs fdr | EL8: Pcs théo | EN8: ▲ | EP8: Cad.moy | EQ8: Pcs fdr | ES8: Pcs théo | EU8: ▲ | EW8: Cad.moy | EX8: Pcs fdr | EZ8: Pcs théo | FB8: ▲ | FD8: Cad.moy | FE8: Pcs fdr | FG8: Pcs théo | FI8: ▲ | FK8: Cad.moy | FL8: Pcs fdr | FN8: Pcs théo | FP8: ▲ | FR8: Cad.moy | FS8: Pcs fdr | FU8: Pcs théo | FW8: ▲ | FY8: Cad.moy | FZ8: Pcs fdr | GB8: Pcs théo | GD8: ▲ | GF8: Cad.moy | GG8: Pcs fdr | GI8: Pcs théo | GK8: ▲ | GM8: Cad.moy | GN8: Pcs fdr | GP8: Pcs théo | GR8: ▲ | GT8: Cad.moy | GU8: Pcs fdr | GW8: Pcs théo | GY8: ▲ | HA8: Cad.moy | HB8: Pcs fdr | HD8: Pcs théo | HF8: ▲ | HH8: Cad.moy | HI8: Pcs fdr | HK8: Pcs théo | HM8: ▲ | HO8: Cad.moy | HP8: Pcs fdr | HR8: Pcs théo | HT8: ▲ | HV8: Cad.moy | HW8: Pcs fdr | HY8: Pcs théo | IA8: ▲ | IC8: Cad.moy | ID8: Pcs fdr | IF8: Pcs théo | IH8: ▲ | IJ8: Cad.moy | IK8: Pcs fdr | IM8: Pcs théo | IO8: ▲ | IQ8: Cad.moy | IR8: Pcs fdr | IT8: Pcs théo | IV8: ▲ | IX8: Cad.moy | IY8: Pcs fdr | JA8: Pcs théo | JC8: ▲ | JE8: Cad.moy | JF8: Pcs fdr | JH8: Pcs théo | JJ8: ▲ | JL8: Cad.moy | JM8: Pcs fdr | JO8: Pcs théo | JQ8: ▲ | JS8: Cad.moy | JT8: Pcs fdr | JV8: Pcs théo | JX8: ▲ | JZ8: Cad.moy | KA8: Pcs fdr | KC8: Pcs théo | KE8: ▲ | KG8: Cad.moy | KH8: Pcs fdr | KJ8: Pcs théo | KL8: ▲ | KN8: Cad.moy | KO8: Pcs fdr | KQ8: Pcs théo | KS8: ▲ | KU8: Cad.moy | KV8: Pcs fdr | KX8: Pcs théo | KZ8: ▲ | LB8: Cad.moy | LC8: Pcs fdr | LE8: Pcs théo | LG8: ▲ | LI8: Cad.moy | LJ8: Pcs fdr | LL8: Pcs théo | LN8: ▲ | LP8: Cad.moy | LQ8: Pcs fdr | LS8: Pcs théo | LU8: ▲ | LW8: Cad.moy | LX8: Pcs fdr | LZ8: Pcs théo | MB8: ▲ | MD8: Cad.moy | ME8: Pcs fdr | MG8: Pcs théo | MI8: ▲ | MK8: Cad.moy | ML8: Pcs fdr | MN8: Pcs théo | MP8: ▲ | MR8: Cad.moy | MS8: Pcs fdr | MU8: Pcs théo | MW8: ▲ | MY8: Cad.moy | MZ8: Pcs fdr | NB8: Pcs théo | ND8: ▲ | NF8: Cad.moy | NG8: Pcs fdr | NI8: Pcs théo | NK8: ▲ | NM8: Cad.moy | NN8: Pcs fdr | NP8: Pcs théo | NR8: ▲
F9: =ROUND(AVERAGE(F16,F23,F30),0) -> 330 | G9: =G16+G23+G30 -> 0 | I9: =I16+I23+I30 -> 1235850 | K9: =IF(G9<>0,I9-G9,0) -> 0 | M9: =ROUND(AVERAGE(M16,M23,M30),0) -> 317 | N9: =N16+N23+N30 -> 0 | P9: =P16+P23+P30 -> 1164100 | R9: =IF(N9<>0,P9-N9,0) -> 0 | T9: =ROUND(AVERAGE(T16,T23,T30),0) -> 355 | U9: =U16+U23+U30 -> 0 | W9: =W16+W23+W30 -> 1446270 | Y9: =IF(U9<>0,W9-U9,0) -> 0 | AA9: =ROUND(((AB16*AA16+AB23*AA23+AB30*AA30)/AB9),0) -> 355 | AB9: =AB16+AB23+AB30 -> 740000 | AD9: =AD16+AD23+AD30 -> 1180375 | AF9: =IF(AB9<>0,AD9-AB9,0) -> 440375 | AH9: =ROUND(((AK16*AH16+AK23*AH23+AK30*AH30)/AK9),0) -> 355 | AI9: =AI16+AI23+AI30 -> 870000 | AK9: =AK16+AK23+AK30 -> 1155525 | AM9: =IF(AI9<>0,AK9-AI9,0) -> 285525 | AO9: =IFERROR(ROUND(((AP16*AO16+AP23*AO23+AP30*AO30)/AP9),0),0) -> 355 | AP9: =AP16+AP23+AP30 -> 961000 | AR9: =AR16+AR23+AR30 -> 1315275 | AT9: =IF(AP9<>0,AR9-AP9,0) -> 354275 | AV9: =IFERROR(ROUND(((AW16*AV16+AW23*AV23+AW30*AV30)/AW9),0),0) -> 355 | AW9: =AW16+AW23+AW30 -> 963333.33 | AY9: =AY16+AY23+AY30 -> 1165465 | BA9: =IF(AW9<>0,AY9-AW9,0) -> 202131.67 | BC9: =IFERROR(ROUND(((BD16*BC16+BD23*BC23+BD30*BC30)/BD9),0),0) -> 355 | BD9: =BD16+BD23+BD30 -> 928928.57 | BF9: =BF16+BF23+BF30 -> 1155525 | BH9: =IF(BD9<>0,BF9-BD9,0) -> 226596.43 | BJ9: =IFERROR(ROUND(((BK16*BJ16+BK23*BJ23+BK30*BJ30)/BK9),0),0) -> 300 | BK9: =BK16+BK23+BK30 -> 812812.5 | BM9: =BM16+BM23+BM30 -> 1050000 | BO9: =IF(BK9<>0,BM9-BK9,0) -> 237187.5 | BQ9: =IFERROR(ROUND(((BR16*BQ16+BR23*BQ23+BR30*BQ30)/BR9),0),0) -> 300 | BR9: =BR16+BR23+BR30 -> 814444.44 | BT9: =BT16+BT23+BT30 -> 1050000 | BV9: =IF(BR9<>0,BT9-BR9,0) -> 235555.56 | BX9: =IFERROR(ROUND(((BY16*BX16+BY23*BX23+BY30*BX30)/BY9),0),0) -> 320 | BY9: =BY16+BY23+BY30 -> 928928.57 | CA9: =CA16+CA23+CA30 -> 1097600 | CC9: =IF(BY9<>0,CA9-BY9,0) -> 168671.43 | CE9: =IFERROR(ROUND(((CF16*CE16+CF23*CE23+CF30*CE30)/CF9),0),0) -> 320 | CF9: =CF16+CF23+CF30 -> 645501 | CH9: =CH16+CH23+CH30 -> 1030400 | CJ9: =IF(CF9<>0,CH9-CF9,0) -> 384899 | CL9: =IFERROR(ROUND(((CM16*CL16+CM23*CL23+CM30*CL30)/CM9),0),0) -> 325 | CM9: =CM16+CM23+CM30 -> 839032.26 | CO9: =CO16+CO23+CO30 -> 1069250 | CQ9: =IF(CM9<>0,CO9-CM9,0) -> 230217.74 | CS9: =IFERROR(ROUND(((CT16*CS16+CT23*CS23+CT30*CS30)/CT9),0),0) -> 320 | CT9: =CT16+CT23+CT30 -> 867000 | CV9: =CV16+CV23+CV30 -> 1064000 | CX9: =IF(CT9<>0,CV9-CT9,0) -> 197000 | CZ9: =IFERROR(ROUND(((DA16*CZ16+DA23*CZ23+DA30*CZ30)/DA9),0),0) -> 320 | DA9: =DA16+DA23+DA30 -> 896896.55 | DC9: =DC16+DC23+DC30 -> 1023680 | DE9: =IF(DA9<>0,DC9-DA9,0) -> 126783.45 | DG9: =IFERROR(ROUND(((DH16*DG16+DH23*DG23+DH30*DG30)/DH9),0),0) -> 325 | DH9: =DH16+DH23+DH30 -> 839032.26 | DJ9: =DJ16+DJ23+DJ30 -> 910000 | DL9: =IF(DH9<>0,DJ9-DH9,0) -> 70967.742 | DN9: =IFERROR(ROUND(((DO16*DN16+DO23*DN23+DO30*DN30)/DO9),0),0) -> 330 | DO9: =DO16+DO23+DO30 -> 724137.93 | DQ9: =DQ16+DQ23+DQ30 -> 896280 | DS9: =IF(DO9<>0,DQ9-DO9,0) -> 172142.07 | DU9: =IFERROR(ROUND(((DV16*DU16+DV23*DU23+DV30*DU30)/DV9),0),0) -> 340 | DV9: =DV16+DV23+DV30 -> 696774.19 | DX9: =DX16+DX23+DX30 -> 878220 | DZ9: =IF(DV9<>0,DX9-DV9,0) -> 181445.81 | EB9: =IFERROR(ROUND(((EC16*EB16+EC23*EB23+EC30*EB30)/EC9),0),0) -> 335 | EC9: =EC16+EC23+EC30 -> 933000 | EE9: =EE16+EE23+EE30 -> 956760 | EG9: =IF(EC9<>0,EE9-EC9,0) -> 23760 | EI9: =IFERROR(ROUND(((EJ16*EI16+EJ23*EI23+EJ30*EI30)/EJ9),0),0) -> 325 | EJ9: =EJ16+EJ23+EJ30 -> 867000 | EL9: =EL16+EL23+EL30 -> 996450 | EN9: =IF(EJ9<>0,EL9-EJ9,0) -> 129450 | EP9: =IFERROR(ROUND(((EQ16*EP16+EQ23*EP23+EQ30*EP30)/EQ9),0),0) -> 330 | EQ9: =EQ16+EQ23+EQ30 -> 999545.45 | ES9: =ES16+ES23+ES30 -> 1051050 | EU9: =IF(EQ9<>0,ES9-EQ9,0) -> 51504.545 | EW9: =IFERROR(ROUND(((EX16*EW16+EX23*EW23+EX30*EW30)/EX9),0),0) -> 330 | EX9: =EX16+EX23+EX30 -> 867000 | EZ9: =EZ16+EZ23+EZ30 -> 981750 | FB9: =IF(EX9<>0,EZ9-EX9,0) -> 114750 | FD9: =IFERROR(ROUND(((FE16*FD16+FE23*FD23+FE30*FD30)/FE9),0),0) -> 330 | FE9: =FE16+FE23+FE30 -> 900000 | FG9: =FG16+FG23+FG30 -> 1039500 | FI9: =IF(FE9<>0,FG9-FE9,0) -> 139500 | FK9: =IFERROR(ROUND(((FL16*FK16+FL23*FK23+FL30*FK30)/FL9),0),0) -> 320 | FL9: =FL16+FL23+FL30 -> 900000 | FN9: =FN16+FN23+FN30 -> 936000 | FP9: =IF(FL9<>0,FN9-FL9,0) -> 36000 | FR9: =IFERROR(ROUND(((FS16*FR16+FS23*FR23+FS30*FR30)/FS9),0),0) -> 330 | FS9: =FS16+FS23+FS30 -> 1000000 | FU9: =FU16+FU23+FU30 -> 1004850 | FW9: =IF(FS9<>0,FU9-FS9,0) -> 4850 | FY9: =IFERROR(ROUND(((FZ16*FY16+FZ23*FY23+FZ30*FY30)/FZ9),0),0) -> 320 | FZ9: =FZ16+FZ23+FZ30 -> 1000000 | GB9: =GB16+GB23+GB30 -> 978880 | GD9: =IF(FZ9<>0,GB9-FZ9,0) -> -21120 | GF9: =IFERROR(ROUND(((GG16*GF16+GG23*GF23+GG30*GF30)/GG9),0),0) -> 320 | GG9: =GG16+GG23+GG30 -> 1000000 | GI9: =GI16+GI23+GI30 -> 940800 | GK9: =IF(GG9<>0,GI9-GG9,0) -> -59200 | GM9: =IFERROR(ROUND(((GN16*GM16+GN23*GM23+GN30*GM30)/GN9),0),0) -> 320 | GN9: =GN16+GN23+GN30 -> 1000000 | GP9: =GP16+GP23+GP30 -> 918400 | GR9: =IF(GN9<>0,GP9-GN9,0) -> -81600 | GT9: =IFERROR(ROUND(((GU16*GT16+GU23*GT23+GU30*GT30)/GU9),0),0) -> 320 | GU9: =GU16+GU23+GU30 -> 867000 | GW9: =GW16+GW23+GW30 -> 730240 | GY9: =IF(GU9<>0,GW9-GU9,0) -> -136760 | HA9: =ROUND(((HD16*HA16+HD23*HA23+HD30*HA30)/HD9),0) -> 320 | HB9: =HB16+HB23+HB30 -> 870000 | HD9: =HD16+HD23+HD30 -> 840000 | HF9: =IF(HB9<>0,HD9-HB9,0) -> -30000 | HH9: =IFERROR(ROUND(((HI16*HH16+HI23*HH23+HI30*HH30)/HI9),0),0) -> 320 | HI9: =HI16+HI23+HI30 -> 961000 | HK9: =HK16+HK23+HK30 -> 848640 | HM9: =IF(HI9<>0,HK9-HI9,0) -> -112360 | HO9: =IFERROR(ROUND(((HP16*HO16+HP23*HO23+HP30*HO30)/HP9),0),0) -> 320 | HP9: =HP16+HP23+HP30 -> 1000000 | HR9: =HR16+HR23+HR30 -> 784000 | HT9: =IF(HP9<>0,HR9-HP9,0) -> -216000 | HV9: =IFERROR(ROUND(((HW16*HV16+HW23*HV23+HW30*HV30)/HW9),0),0) -> 320 | HW9: =HW16+HW23+HW30 -> 1000000 | HY9: =HY16+HY23+HY30 -> 817600 | IA9: =IF(HW9<>0,HY9-HW9,0) -> -182400 | IC9: =IFERROR(ROUND(((ID16*IC16+ID23*IC23+ID30*IC30)/ID9),0),0) -> 320 | ID9: =ID16+ID23+ID30 -> 1000000 | IF9: =IF16+IF23+IF30 -> 907200 | IH9: =IF(ID9<>0,IF9-ID9,0) -> -92800 | IJ9: =IFERROR(ROUND(((IK16*IJ16+IK23*IJ23+IK30*IJ30)/IK9),0),0) -> 300 | IK9: =IK16+IK23+IK30 -> 733000 | IM9: =IM16+IM23+IM30 -> 903000 | IO9: =IF(IK9<>0,IM9-IK9,0) -> 170000 | IQ9: =IFERROR(ROUND(((IR16*IQ16+IR23*IQ23+IR30*IQ30)/IR9),0),0) -> 320 | IR9: =IR16+IR23+IR30 -> 867000 | IT9: =IT16+IT23+IT30 -> 981120 | IV9: =IF(IR9<>0,IT9-IR9,0) -> 114120 | IX9: =IFERROR(ROUND(((IY16*IX16+IY23*IX23+IY30*IX30)/IY9),0),0) -> 320 | IY9: =IY16+IY23+IY30 -> 645501 | JA9: =JA16+JA23+JA30 -> 1008000 | JC9: =IF(IY9<>0,JA9-IY9,0) -> 362499 | JE9: =IFERROR(ROUND(((JF16*JE16+JF23*JE23+JF30*JE30)/JF9),0),0) -> 325 | JF9: =JF16+JF23+JF30 -> 839032.26 | JH9: =JH16+JH23+JH30 -> 1171625 | JJ9: =IF(JF9<>0,JH9-JF9,0) -> 332592.74 | JL9: =IFERROR(ROUND(((JM16*JL16+JM23*JL23+JM30*JL30)/JM9),0),0) -> 320 | JM9: =JM16+JM23+JM30 -> 867000 | JO9: =JO16+JO23+JO30 -> 1198400 | JQ9: =IF(JM9<>0,JO9-JM9,0) -> 331400 | JS9: =IFERROR(ROUND(((JT16*JS16+JT23*JS23+JT30*JS30)/JT9),0),0) -> 320 | JT9: =JT16+JT23+JT30 -> 896896.55 | JV9: =JV16+JV23+JV30 -> 1220800 | JX9: =IF(JT9<>0,JV9-JT9,0) -> 323903.45 | JZ9: =IFERROR(ROUND(((KA16*JZ16+KA23*JZ23+KA30*JZ30)/KA9),0),0) -> 325 | KA9: =KA16+KA23+KA30 -> 839032.26 | KC9: =KC16+KC23+KC30 -> 1239875 | KE9: =IF(KA9<>0,KC9-KA9,0) -> 400842.74 | KG9: =IFERROR(ROUND(((KH16*KG16+KH23*KG23+KH30*KG30)/KH9),0),0) -> 330 | KH9: =KH16+KH23+KH30 -> 724137.93 | KJ9: =KJ16+KJ23+KJ30 -> 1258950 | KL9: =IF(KH9<>0,KJ9-KH9,0) -> 534812.07 | KN9: =IFERROR(ROUND(((KO16*KN16+KO23*KN23+KO30*KN30)/KO9),0),0) -> 340 | KO9: =KO16+KO23+KO30 -> 696774.19 | KQ9: =KQ16+KQ23+KQ30 -> 1297100 | KS9: =IF(KO9<>0,KQ9-KO9,0) -> 600325.81 | KU9: =IFERROR(ROUND(((KV16*KU16+KV23*KU23+KV30*KU30)/KV9),0),0) -> 335 | KV9: =KV16+KV23+KV30 -> 933000 | KX9: =KX16+KX23+KX30 -> 1278025 | KZ9: =IF(KV9<>0,KX9-KV9,0) -> 345025 | LB9: =IFERROR(ROUND(((LC16*LB16+LC23*LB23+LC30*LB30)/LC9),0),0) -> 325 | LC9: =LC16+LC23+LC30 -> 867000 | LE9: =LE16+LE23+LE30 -> 1239875 | LG9: =IF(LC9<>0,LE9-LC9,0) -> 372875 | LI9: =IFERROR(ROUND(((LJ16*LI16+LJ23*LI23+LJ30*LI30)/LJ9),0),0) -> 330 | LJ9: =LJ16+LJ23+LJ30 -> 999545.45 | LL9: =LL16+LL23+LL30 -> 1258950 | LN9: =IF(LJ9<>0,LL9-LJ9,0) -> 259404.55 | LP9: =IFERROR(ROUND(((LQ16*LP16+LQ23*LP23+LQ30*LP30)/LQ9),0),0) -> 330 | LQ9: =LQ16+LQ23+LQ30 -> 867000 | LS9: =LS16+LS23+LS30 -> 1258950 | LU9: =IF(LQ9<>0,LS9-LQ9,0) -> 391950 | LW9: =IFERROR(ROUND(((LX16*LW16+LX23*LW23+LX30*LW30)/LX9),0),0) -> 300 | LX9: =LX16+LX23+LX30 -> 743142.86 | LZ9: =LZ16+LZ23+LZ30 -> 1144500 | MB9: =IF(LX9<>0,LZ9-LX9,0) -> 401357.14 | MD9: =IFERROR(ROUND(((ME16*MD16+ME23*MD23+ME30*MD30)/ME9),0),0) -> 300 | ME9: =ME16+ME23+ME30 -> 743142.86 | MG9: =MG16+MG23+MG30 -> 1144500 | MI9: =IF(ME9<>0,MG9-ME9,0) -> 401357.14 | MK9: =IFERROR(ROUND(((ML16*MK16+ML23*MK23+ML30*MK30)/ML9),0),0) -> 300 | ML9: =ML16+ML23+ML30 -> 743142.86 | MN9: =MN16+MN23+MN30 -> 1144500 | MP9: =IF(ML9<>0,MN9-ML9,0) -> 401357.14 | MR9: =IFERROR(ROUND(((MS16*MR16+MS23*MR23+MS30*MR30)/MS9),0),0) -> 300 | MS9: =MS16+MS23+MS30 -> 743142.86 | MU9: =MU16+MU23+MU30 -> 1144500 | MW9: =IF(MS9<>0,MU9-MS9,0) -> 401357.14 | MY9: =IFERROR(ROUND(((MZ16*MY16+MZ23*MY23+MZ30*MY30)/MZ9),0),0) -> 300 | MZ9: =MZ16+MZ23+MZ30 -> 743142.86 | NB9: =NB16+NB23+NB30 -> 1144500 | ND9: =IF(MZ9<>0,NB9-MZ9,0) -> 401357.14 | NF9: =IFERROR(ROUND(((NG16*NF16+NG23*NF23+NG30*NF30)/NG9),0),0) -> 300 | NG9: =NG16+NG23+NG30 -> 743142.86 | NI9: =NI16+NI23+NI30 -> 1144500 | NK9: =IF(NG9<>0,NI9-NG9,0) -> 401357.14 | NM9: =IFERROR(ROUND(((NN16*NM16+NN23*NM23+NN30*NM30)/NN9),0),0) -> 300 | NN9: =NN16+NN23+NN30 -> 743142.86 | NP9: =NP16+NP23+NP30 -> 735000 | NR9: =IF(NN9<>0,NP9-NN9,0) -> -8142.8571
F11: Prod. | G11: Valeur obj. | M11: Prod. | N11: Valeur obj. | T11: Prod. | U11: Valeur obj. | AA11: Prod. | AB11: Valeur obj. | AH11: Prod. | AI11: Valeur obj. | AO11: Prod. | AP11: Valeur obj. | AV11: Prod. | AW11: Valeur obj. | BC11: Prod. | BD11: Valeur obj. | BJ11: Prod. | BK11: Valeur obj. | BQ11: Prod. | BR11: Valeur obj. | BX11: Prod. | BY11: Valeur obj. | CE11: Prod. | CF11: Valeur obj. | CL11: Prod. | CM11: Valeur obj. | CS11: Prod. | CT11: Valeur obj. | CZ11: Prod. | DA11: Valeur obj. | DG11: Prod. | DH11: Valeur obj. | DN11: Prod. | DO11: Valeur obj. | DU11: Prod. | DV11: Valeur obj. | EB11: Prod. | EC11: Valeur obj. | EI11: Prod. | EJ11: Valeur obj. | EP11: Prod. | EQ11: Valeur obj. | EW11: Prod. | EX11: Valeur obj. | FD11: Prod. | FE11: Valeur obj. | FK11: Prod. | FL11: Valeur obj. | FR11: Prod. | FS11: Valeur obj. | FY11: Prod. | FZ11: Valeur obj. | GF11: Prod. | GG11: Valeur obj. | GM11: Prod. | GN11: Valeur obj. | GT11: Prod. | GU11: Valeur obj. | HA11: Prod. | HB11: Valeur obj. | HH11: Prod. | HI11: Valeur obj. | HO11: Prod. | HP11: Valeur obj. | HV11: Prod. | HW11: Valeur obj. | IC11: Prod. | ID11: Valeur obj. | IJ11: Prod. | IK11: Valeur obj. | IQ11: Prod. | IR11: Valeur obj. | IX11: Prod. | IY11: Valeur obj. | JE11: Prod. | JF11: Valeur obj. | JL11: Prod. | JM11: Valeur obj. | JS11: Prod. | JT11: Valeur obj. | JZ11: Prod. | KA11: Valeur obj. | KG11: Prod. | KH11: Valeur obj. | KN11: Prod. | KO11: Valeur obj. | KU11: Prod. | KV11: Valeur obj. | LB11: Prod. | LC11: Valeur obj. | LI11: Prod. | LJ11: Valeur obj. | LP11: Prod. | LQ11: Valeur obj. | LW11: Prod. | LX11: Valeur obj. | MD11: Prod. | ME11: Valeur obj. | MK11: Prod. | ML11: Valeur obj. | MR11: Prod. | MS11: Valeur obj. | MY11: Prod. | MZ11: Valeur obj. | NF11: Prod. | NG11: Valeur obj. | NM11: Prod. | NN11: Valeur obj.
F12: 600 | G12: =ROUND(G$5/3,-3) -> 867000 | M12: 600 | N12: =ROUND(N$5/3,-3) -> 867000 | T12: 600 | U12: =ROUND(U$5/3,-3) -> 1000000 | AA12: 600 | AB12: =ROUND(AB$5/3,-3) -> 867000 | AH12: 600 | AI12: =ROUND(AI$5/3,-3) -> 867000 | AO12: 600 | AP12: =ROUND(AP$5/3,-3) -> 867000 | AV12: 600 | AW12: =ROUND(AW$5/3,-3) -> 867000 | BC12: 600 | BD12: =ROUND(BD$5/3,-3) -> 867000 | BJ12: 600 | BK12: =ROUND(BK$5/3,-3) -> 867000 | BQ12: 600 | BR12: =ROUND(BR$5/3,-3) -> 733000 | BX12: 600 | BY12: =ROUND(BY$5/3,-3) -> 867000 | CE12: 600 | CF12: =ROUND(CF$5/3,-3) -> 867000 | CL12: 600 | CM12: =ROUND(CM$5/3,-3) -> 867000 | CS12: 600 | CT12: =ROUND(CT$5/3,-3) -> 867000 | CZ12: 600 | DA12: =ROUND(DA$5/3,-3) -> 867000 | DG12: 600 | DH12: =ROUND(DH$5/3,-3) -> 867000 | DN12: 600 | DO12: =ROUND(DO$5/3,-3) -> 700000 | DU12: 600 | DV12: =ROUND(DV$5/3,-3) -> 720000 | EB12: 600 | EC12: =ROUND(EC$5/3,-3) -> 933000 | EI12: 600 | EJ12: =ROUND(EJ$5/3,-3) -> 867000 | EP12: 600 | EQ12: =ROUND(EQ$5/3,-3) -> 733000 | EW12: 600 | EX12: =ROUND(EX$5/3,-3) -> 867000 | FD12: 600 | FE12: =ROUND(FE$5/3,-3) -> 867000 | FK12: 600 | FL12: =ROUND(FL$5/3,-3) -> 867000 | FR12: 600 | FS12: =ROUND(FS$5/3,-3) -> 1000000 | FY12: 600 | FZ12: =ROUND(FZ$5/3,-3) -> 1000000 | GF12: 600 | GG12: =ROUND(GG$5/3,-3) -> 1000000 | GM12: 600 | GN12: =ROUND(GN$5/3,-3) -> 1000000 | GT12: 600 | GU12: =ROUND(GU$5/3,-3) -> 867000 | HA12: 600 | HB12: =ROUND(HB$5/3,-3) -> 1000000 | HH12: 600 | HI12: =ROUND(HI$5/3,-3) -> 1000000 | HO12: 600 | HP12: =ROUND(HP$5/3,-3) -> 1000000 | HV12: 600 | HW12: =ROUND(HW$5/3,-3) -> 1000000 | IC12: 600 | ID12: =ROUND(ID$5/3,-3) -> 1000000 | IJ12: 600 | IK12: =ROUND(IK$5/3,-3) -> 733000 | IQ12: 600 | IR12: =ROUND(IR$5/3,-3) -> 867000 | IX12: 600 | IY12: =ROUND(IY$5/3,-3) -> 867000 | JE12: 600 | JF12: =ROUND(JF$5/3,-3) -> 867000 | JL12: 600 | JM12: =ROUND(JM$5/3,-3) -> 867000 | JS12: 600 | JT12: =ROUND(JT$5/3,-3) -> 867000 | JZ12: 600 | KA12: =ROUND(KA$5/3,-3) -> 867000 | KG12: 600 | KH12: =ROUND(KH$5/3,-3) -> 700000 | KN12: 600 | KO12: =ROUND(KO$5/3,-3) -> 720000 | KU12: 600 | KV12: =ROUND(KV$5/3,-3) -> 933000 | LB12: 600 | LC12: =ROUND(LC$5/3,-3) -> 867000 | LI12: 600 | LJ12: =ROUND(LJ$5/3,-3) -> 733000 | LP12: 600 | LQ12: =ROUND(LQ$5/3,-3) -> 867000 | LW12: 600 | LX12: =ROUND(LX$5/3,-3) -> 867000 | MD12: 600 | ME12: =ROUND(ME$5/3,-3) -> 867000 | MK12: 600 | ML12: =ROUND(ML$5/3,-3) -> 867000 | MR12: 600 | MS12: =ROUND(MS$5/3,-3) -> 867000 | MY12: 600 | MZ12: =ROUND(MZ$5/3,-3) -> 867000 | NF12: 600 | NG12: =ROUND(NG$5/3,-3) -> 867000 | NM12: 600 | NN12: =ROUND(NN$5/3,-3) -> 867000
C13: PA | F13: Eff. | G13: H besoin | I13: H aff. | K13: ▲ | M13: Eff. | N13: H besoin | P13: H aff. | R13: ▲ | T13: Eff. | U13: H besoin | W13: H aff. | Y13: ▲ | AA13: Eff. | AB13: H besoin | AD13: H aff. | AF13: ▲ | AH13: Eff. | AI13: H besoin | AK13: H aff. | AM13: ▲ | AO13: Eff. | AP13: H besoin | AR13: H aff. | AT13: ▲ | AV13: Eff. | AW13: H besoin | AY13: H aff. | BA13: ▲ | BC13: Eff. | BD13: H besoin | BF13: H aff. | BH13: ▲ | BJ13: Eff. | BK13: H besoin | BM13: H aff. | BO13: ▲ | BQ13: Eff. | BR13: H besoin | BT13: H aff. | BV13: ▲ | BX13: Eff. | BY13: H besoin | CA13: H aff. | CC13: ▲ | CE13: Eff. | CF13: H besoin | CH13: H aff. | CJ13: ▲ | CL13: Eff. | CM13: H besoin | CO13: H aff. | CQ13: ▲ | CS13: Eff. | CT13: H besoin | CV13: H aff. | CX13: ▲ | CZ13: Eff. | DA13: H besoin | DC13: H aff. | DE13: ▲ | DG13: Eff. | DH13: H besoin | DJ13: H aff. | DL13: ▲ | DN13: Eff. | DO13: H besoin | DQ13: H aff. | DS13: ▲ | DU13: Eff. | DV13: H besoin | DX13: H aff. | DZ13: ▲ | EB13: Eff. | EC13: H besoin | EE13: H aff. | EG13: ▲ | EI13: Eff. | EJ13: H besoin | EL13: H aff. | EN13: ▲ | EP13: Eff. | EQ13: H besoin | ES13: H aff. | EU13: ▲ | EW13: Eff. | EX13: H besoin | EZ13: H aff. | FB13: ▲ | FD13: Eff. | FE13: H besoin | FG13: H aff. | FI13: ▲ | FK13: Eff. | FL13: H besoin | FN13: H aff. | FP13: ▲ | FR13: Eff. | FS13: H besoin | FU13: H aff. | FW13: ▲ | FY13: Eff. | FZ13: H besoin | GB13: H aff. | GD13: ▲ | GF13: Eff. | GG13: H besoin | GI13: H aff. | GK13: ▲ | GM13: Eff. | GN13: H besoin | GP13: H aff. | GR13: ▲ | GT13: Eff. | GU13: H besoin | GW13: H aff. | GY13: ▲ | HA13: Eff. | HB13: H besoin | HD13: H aff. | HF13: ▲ | HH13: Eff. | HI13: H besoin | HK13: H aff. | HM13: ▲ | HO13: Eff. | HP13: H besoin | HR13: H aff. | HT13: ▲ | HV13: Eff. | HW13: H besoin | HY13: H aff. | IA13: ▲ | IC13: Eff. | ID13: H besoin | IF13: H aff. | IH13: ▲ | IJ13: Eff. | IK13: H besoin | IM13: H aff. | IO13: ▲ | IQ13: Eff. | IR13: H besoin | IT13: H aff. | IV13: ▲ | IX13: Eff. | IY13: H besoin | JA13: H aff. | JC13: ▲ | JE13: Eff. | JF13: H besoin | JH13: H aff. | JJ13: ▲ | JL13: Eff. | JM13: H besoin | JO13: H aff. | JQ13: ▲ | JS13: Eff. | JT13: H besoin | JV13: H aff. | JX13: ▲ | JZ13: Eff. | KA13: H besoin | KC13: H aff. | KE13: ▲ | KG13: Eff. | KH13: H besoin | KJ13: H aff. | KL13: ▲ | KN13: Eff. | KO13: H besoin | KQ13: H aff. | KS13: ▲ | KU13: Eff. | KV13: H besoin | KX13: H aff. | KZ13: ▲ | LB13: Eff. | LC13: H besoin | LE13: H aff. | LG13: ▲ | LI13: Eff. | LJ13: H besoin | LL13: H aff. | LN13: ▲ | LP13: Eff. | LQ13: H besoin | LS13: H aff. | LU13: ▲ | LW13: Eff. | LX13: H besoin | LZ13: H aff. | MB13: ▲ | MD13: Eff. | ME13: H besoin | MG13: H aff. | MI13: ▲ | MK13: Eff. | ML13: H besoin | MN13: H aff. | MP13: ▲ | MR13: Eff. | MS13: H besoin | MU13: H aff. | MW13: ▲ | MY13: Eff. | MZ13: H besoin | NB13: H aff. | ND13: ▲ | NF13: Eff. | NG13: H besoin | NI13: H aff. | NK13: ▲ | NM13: Eff. | NN13: H besoin | NP13: H aff. | NR13: ▲
F14: ='Pilotage effectif PA'!N47 -> 37 | G14: =(G12/F12)*(1-0.4) -> 867 | I14: ='Pilotage effectif PA'!N47*35 -> 1295 | K14: =IF(G14<>0,I14-G14,0) -> 428 | L14: =K14/35 -> 12.228571 | M14: ='Pilotage effectif PA'!U47 -> 37 | N14: =(N12/M12)*(1-0.4) -> 867 | P14: ='Pilotage effectif PA'!U47*35 -> 1295 | R14: =IF(N14<>0,P14-N14,0) -> 428 | S14: =R14/35 -> 12.228571 | T14: ='Pilotage effectif PA'!AB47 -> 35 | U14: =(U12/T12)*(1-0.4) -> 1000 | W14: ='Pilotage effectif PA'!AB47*42 -> 1470 | Y14: =IF(U14<>0,W14-U14,0) -> 470 | Z14: =Y14/35 -> 13.428571 | AA14: ='Pilotage effectif PA'!AI47 -> 35 | AB14: =AB16/AA16 -> 816.90141 | AD14: ='Pilotage effectif PA'!AI47*35 -> 1225 | AF14: =IF(AB14<>0,AD14-AB14,0) -> 408.09859 | AG14: =AF14/35 -> 11.65996 | AH14: ='Pilotage effectif PA'!AP47 -> 35 | AI14: =IFERROR(AI16/AH16,0) -> 816.90141 | AK14: ='Pilotage effectif PA'!AP47*35 -> 1225 | AM14: =IF(AI14<>0,AK14-AI14,0) -> 408.09859 | AN14: =AM14/35 -> 11.65996 | AO14: ='Pilotage effectif PA'!AW47 -> 35 | AP14: =IFERROR(AP16/AO16,0) -> 923.94366 | AR14: ='Pilotage effectif PA'!AW47*39 -> 1365 | AT14: =IF(AP14<>0,AR14-AP14,0) -> 441.05634 | AU14: =AT14/35 -> 12.60161 | AV14: ='Pilotage effectif PA'!BD47 -> 33.8 | AW14: =IFERROR(AW16/AV16,0) -> 904.53834 | AY14: ='Pilotage effectif PA'!BD47*35 -> 1183 | BA14: =IF(AW14<>0,AY14-AW14,0) -> 278.46166 | BB14: =BA14/35 -> 7.9560474 | BC14: ='Pilotage effectif PA'!BK47 -> 34 | BD14: =IFERROR(BD16/BC16,0) -> 872.2334 | BF14: ='Pilotage effectif PA'!BK47*35 -> 1190 | BH14: =IF(BD14<>0,BF14-BD14,0) -> 317.7666 | BI14: =BH14/35 -> 9.0790457 | BJ14: ='Pilotage effectif PA'!BR47 -> 37 | BK14: =IFERROR(BK16/BJ16,0) -> 903.125 | BM14: ='Pilotage effectif PA'!BR47*35 -> 1295 | BO14: =IF(BK14<>0,BM14-BK14,0) -> 391.875 | BP14: =BO14/35 -> 11.196429 | BQ14: ='Pilotage effectif PA'!BY47 -> 36 | BR14: =IFERROR(BR16/BQ16,0) -> 904.93827 | BT14: ='Pilotage effectif PA'!BY47*35 -> 1260 | BV14: =IF(BR14<>0,BT14-BR14,0) -> 355.06173 | BW14: =BV14/35 -> 10.144621 | BX14: ='Pilotage effectif PA'!CF47 -> 35 | BY14: =IFERROR(BY16/BX16,0) -> 967.63393 | CA14: ='Pilotage effectif PA'!CF47*35 -> 1225 | CC14: =IF(BY14<>0,CA14-BY14,0) -> 257.36607 | CD14: =CC14/35 -> 7.3533163 | CE14: ='Pilotage effectif PA'!CM47 -> 36 | CF14: =IFERROR(CF16/CE16,0) -> 599.26875 | CH14: ='Pilotage effectif PA'!CM47*35 -> 1260 | CJ14: =IF(CF14<>0,CH14-CF14,0) -> 660.73125 | CK14: =CJ14/35 -> 18.878036 | CL14: ='Pilotage effectif PA'!CT47 -> 35 | CM14: =IFERROR(CM16/CL16,0) -> 860.54591 | CO14: ='Pilotage effectif PA'!CT47*35 -> 1225 | CQ14: =IF(CM14<>0,CO14-CM14,0) -> 364.45409 | CR14: =CQ14/35 -> 10.412974 | CS14: ='Pilotage effectif PA'!DA47 -> 35 | CT14: =IFERROR(CT16/CS16,0) -> 903.125 | CV14: ='Pilotage effectif PA'!DA47*35 -> 1225 | CX14: =IF(CT14<>0,CV14-CT14,0) -> 321.875 | CY14: =CX14/35 -> 9.1964286 | CZ14: ='Pilotage effectif PA'!DH47 -> 33 | DA14: =IFERROR(DA16/CZ16,0) -> 934.26724 | DC14: ='Pilotage effectif PA'!DH47*35 -> 1155 | DE14: =IF(DA14<>0,DC14-DA14,0) -> 220.73276 | DF14: =DE14/35 -> 6.3066502 | DG14: ='Pilotage effectif PA'!DO47 -> 30 | DH14: =IFERROR(DH16/DG16,0) -> 860.54591 | DJ14: ='Pilotage effectif PA'!DO47*35 -> 1050 | DL14: =IF(DH14<>0,DJ14-DH14,0) -> 189.45409 | DM14: =DL14/35 -> 5.4129741 | DN14: ='Pilotage effectif PA'!DV47 -> 25.8 | DO14: =IFERROR(DO16/DN16,0) -> 731.45246 | DQ14: ='Pilotage effectif PA'!DV47*35 -> 903 | DS14: =IF(DO14<>0,DQ14-DO14,0) -> 171.54754 | DT14: =DS14/35 -> 4.9013584 | DU14: ='Pilotage effectif PA'!EC47 -> 26.8 | DV14: =IFERROR(DV16/DU16,0) -> 683.11195 | DX14: ='Pilotage effectif PA'!EC49 -> 938 | DZ14: =IF(DV14<>0,DX14-DV14,0) -> 254.88805 | EA14: =DZ14/35 -> 7.2825156 | EB14: ='Pilotage effectif PA'!EJ47 -> 29 | EC14: =IFERROR(EC16/EB16,0) -> 928.35821 | EE14: ='Pilotage effectif PA'!EJ47*35 -> 1015 | EG14: =IF(EC14<>0,EE14-EC14,0) -> 86.641791 | EH14: =EG14/35 -> 2.4754797 | EI14: ='Pilotage effectif PA'!EQ47 -> 31.6 | EJ14: =IFERROR(EJ16/EI16,0) -> 889.23077 | EL14: ='Pilotage effectif PA'!EQ47*35 -> 1106 | EN14: =IF(EJ14<>0,EL14-EJ14,0) -> 216.76923 | EO14: =EN14/35 -> 6.1934066 | EP14: ='Pilotage effectif PA'!EX47 -> 31 | EQ14: =IFERROR(EQ16/EP16,0) -> 1009.6419 | ES14: ='Pilotage effectif PA'!EX47*35 -> 1085 | EU14: =IF(EQ14<>0,ES14-EQ14,0) -> 75.358127 | EV14: =EU14/35 -> 2.1530893 | EW14: ='Pilotage effectif PA'!FE47 -> 29 | EX14: =IFERROR(EX16/EW16,0) -> 875.75758 | EZ14: ='Pilotage effectif PA'!FE47*35 -> 1015 | FB14: =IF(EX14<>0,EZ14-EX14,0) -> 139.24242 | FC14: =FB14/35 -> 3.978355 | FD14: ='Pilotage effectif PA'!FL47 -> 33 | FE14: =IFERROR(FE16/FD16,0) -> 909.09091 | FG14: ='Pilotage effectif PA'!FL47*35 -> 1155 | FI14: =IF(FE14<>0,FG14-FE14,0) -> 245.90909 | FJ14: =FI14/35 -> 7.025974 | FK14: ='Pilotage effectif PA'!FS47 -> 25.8 | FL14: =IFERROR(FL16/FK16,0) -> 937.5 | FN14: ='Pilotage effectif PA'!FS47*39 -> 1006.2 | FP14: =IF(FL14<>0,FN14-FL14,0) -> 68.7 | FQ14: =FP14/35 -> 1.9628571 | FR14: ='Pilotage effectif PA'!FZ47 -> 29 | FS14: =IFERROR(FS16/FR16,0) -> 1010.101 | FU14: ='Pilotage effectif PA'!FZ47*35 -> 1015 | FW14: =IF(FS14<>0,FU14-FS14,0) -> 4.8989899 | FX14: =FW14/35 -> 0.13997114 | FY14: ='Pilotage effectif PA'!GG47 -> 29 | FZ14: =IFERROR(FZ16/FY16,0) -> 1041.6667 | GB14: ='Pilotage effectif PA'!GG47*35 -> 1015 | GD14: =IF(FZ14<>0,GB14-FZ14,0) -> -26.666667 | GE14: =GD14/35 -> -0.76190476 | GF14: ='Pilotage effectif PA'!GN47 -> 29 | GG14: =IFERROR(GG16/GF16,0) -> 1041.6667 | GI14: ='Pilotage effectif PA'!GN47*35 -> 1015 | GK14: =IF(GG14<>0,GI14-GG14,0) -> -26.666667 | GL14: =GK14/35 -> -0.76190476 | GM14: ='Pilotage effectif PA'!GU47 -> 28 | GN14: =IFERROR(GN16/GM16,0) -> 1041.6667 | GP14: ='Pilotage effectif PA'!GU47*35 -> 980 | GR14: =IF(GN14<>0,GP14-GN14,0) -> -61.666667 | GS14: =GR14/35 -> -1.7619048 | GT14: ='Pilotage effectif PA'!HB47 -> 24 | GU14: =IFERROR(GU16/GT16,0) -> 903.125 | GW14: ='Pilotage effectif PA'!HB47*35 -> 840 | GY14: =IF(GU14<>0,GW14-GU14,0) -> -63.125 | GZ14: =GY14/35 -> -1.8035714 | HA14: ='Pilotage effectif PA'!HI47 -> 29 | HB14: =IFERROR(HB16/HA16,0) -> 906.25 | HD14: ='Pilotage effectif PA'!HI47*35 -> 1015 | HF14: =IF(HB14<>0,HD14-HB14,0) -> 108.75 | HG14: =HF14/35 -> 3.1071429 | HH14: ='Pilotage effectif PA'!HP47 -> 23 | HI14: =IFERROR(HI16/HH16,0) -> 1025 | HK14: ='Pilotage effectif PA'!HP47*39 -> 897 | HM14: =IF(HI14<>0,HK14-HI14,0) -> -128 | HN14: =HM14/35 -> -3.6571429 | HO14: ='Pilotage effectif PA'!HW47 -> 23 | HP14: =IFERROR(HP16/HO16,0) -> 1041.6667 | HR14: ='Pilotage effectif PA'!HW47*35 -> 805 | HT14: =IF(HP14<>0,HR14-HP14,0) -> -236.66667 | HU14: =HT14/35 -> -6.7619048 | HV14: ='Pilotage effectif PA'!ID47 -> 25 | HW14: =IFERROR(HW16/HV16,0) -> 1041.6667 | HY14: ='Pilotage effectif PA'!ID47*35 -> 875 | IA14: =IF(HW14<>0,HY14-HW14,0) -> -166.66667 | IB14: =IA14/35 -> -4.7619048 | IC14: ='Pilotage effectif PA'!IK47 -> 31 | ID14: =IFERROR(ID16/IC16,0) -> 1041.6667 | IF14: ='Pilotage effectif PA'!IK47*35 -> 1085 | IH14: =IF(ID14<>0,IF14-ID14,0) -> 43.333333 | II14: =IH14/35 -> 1.2380952 | IJ14: ='Pilotage effectif PA'!IR47 -> 31 | IK14: =IFERROR(IK16/IJ16,0) -> 814.44444 | IM14: ='Pilotage effectif PA'!IR47*35 -> 1085 | IO14: =IF(IK14<>0,IM14-IK14,0) -> 270.55556 | IP14: =IO14/35 -> 7.7301587 | IQ14: ='Pilotage effectif PA'!IY47 -> 31.6 | IR14: =IFERROR(IR16/IQ16,0) -> 903.125 | IT14: ='Pilotage effectif PA'!IY47*35 -> 1106 | IV14: =IF(IR14<>0,IT14-IR14,0) -> 202.875 | IW14: =IV14/35 -> 5.7964286 | IX14: ='Pilotage effectif PA'!JF47 -> 32 | IY14: =IFERROR(IY16/IX16,0) -> 599.26875 | JA14: ='Pilotage effectif PA'!JF47*35 -> 1120 | JC14: =IF(IY14<>0,JA14-IY14,0) -> 520.73125 | JD14: =JC14/35 -> 14.878036 | JE14: ='Pilotage effectif PA'!JM47 -> 39 | JF14: =IFERROR(JF16/JE16,0) -> 860.54591 | JH14: ='Pilotage effectif PA'!JM47*35 -> 1365 | JJ14: =IF(JF14<>0,JH14-JF14,0) -> 504.45409 | JK14: =JJ14/35 -> 14.412974 | JL14: ='Pilotage effectif PA'!JT47 -> 39 | JM14: =IFERROR(JM16/JL16,0) -> 903.125 | JO14: ='Pilotage effectif PA'!JT47*35 -> 1365 | JQ14: =IF(JM14<>0,JO14-JM14,0) -> 461.875 | JR14: =JQ14/35 -> 13.196429 | JS14: ='Pilotage effectif PA'!KA47 -> 39 | JT14: =IFERROR(JT16/JS16,0) -> 934.26724 | JV14: ='Pilotage effectif PA'!KA47*35 -> 1365 | JX14: =IF(JT14<>0,JV14-JT14,0) -> 430.73276 | JY14: =JX14/35 -> 12.30665 | JZ14: ='Pilotage effectif PA'!KH47 -> 39 | KA14: =IFERROR(KA16/JZ16,0) -> 860.54591 | KC14: ='Pilotage effectif PA'!KH47*35 -> 1365 | KE14: =IF(KA14<>0,KC14-KA14,0) -> 504.45409 | KF14: =KE14/35 -> 14.412974 | KG14: ='Pilotage effectif PA'!KO47 -> 39 | KH14: =IFERROR(KH16/KG16,0) -> 731.45246 | KJ14: ='Pilotage effectif PA'!KO47*35 -> 1365 | KL14: =IF(KH14<>0,KJ14-KH14,0) -> 633.54754 | KM14: =KL14/35 -> 18.101358 | KN14: ='Pilotage effectif PA'!KV47 -> 39 | KO14: =IFERROR(KO16/KN16,0) -> 683.11195 | KQ14: ='Pilotage effectif PA'!KV49 -> 1365 | KS14: =IF(KO14<>0,KQ14-KO14,0) -> 681.88805 | KT14: =KS14/35 -> 19.482516 | KU14: ='Pilotage effectif PA'!LC47 -> 39 | KV14: =IFERROR(KV16/KU16,0) -> 928.35821 | KX14: ='Pilotage effectif PA'!LC47*35 -> 1365 | KZ14: =IF(KV14<>0,KX14-KV14,0) -> 436.64179 | LA14: =KZ14/35 -> 12.47548 | LB14: ='Pilotage effectif PA'!LJ47 -> 39 | LC14: =IFERROR(LC16/LB16,0) -> 889.23077 | LE14: ='Pilotage effectif PA'!LJ47*35 -> 1365 | LG14: =IF(LC14<>0,LE14-LC14,0) -> 475.76923 | LH14: =LG14/35 -> 13.593407 | LI14: ='Pilotage effectif PA'!LQ47 -> 39 | LJ14: =IFERROR(LJ16/LI16,0) -> 1009.6419 | LL14: ='Pilotage effectif PA'!LQ47*35 -> 1365 | LN14: =IF(LJ14<>0,LL14-LJ14,0) -> 355.35813 | LO14: =LN14/35 -> 10.153089 | LP14: ='Pilotage effectif PA'!LX47 -> 39 | LQ14: =IFERROR(LQ16/LP16,0) -> 875.75758 | LS14: ='Pilotage effectif PA'!LX47*35 -> 1365 | LU14: =IF(LQ14<>0,LS14-LQ14,0) -> 489.24242 | LV14: =LU14/35 -> 13.978355 | LW14: ='Pilotage effectif PA'!ME47 -> 39 | LX14: =IFERROR(LX16/LW16,0) -> 825.71429 | LZ14: ='Pilotage effectif PA'!ME47*35 -> 1365 | MB14: =IF(LX14<>0,LZ14-LX14,0) -> 539.28571 | MC14: =MB14/35 -> 15.408163 | MD14: ='Pilotage effectif PA'!ML47 -> 39 | ME14: =IFERROR(ME16/MD16,0) -> 825.71429 | MG14: ='Pilotage effectif PA'!ML47*35 -> 1365 | MI14: =IF(ME14<>0,MG14-ME14,0) -> 539.28571 | MJ14: =MI14/35 -> 15.408163 | MK14: ='Pilotage effectif PA'!MS47 -> 39 | ML14: =IFERROR(ML16/MK16,0) -> 825.71429 | MN14: ='Pilotage effectif PA'!MS47*35 -> 1365 | MP14: =IF(ML14<>0,MN14-ML14,0) -> 539.28571 | MQ14: =MP14/35 -> 15.408163 | MR14: ='Pilotage effectif PA'!MZ47 -> 39 | MS14: =IFERROR(MS16/MR16,0) -> 825.71429 | MU14: ='Pilotage effectif PA'!MZ47*35 -> 1365 | MW14: =IF(MS14<>0,MU14-MS14,0) -> 539.28571 | MX14: =MW14/35 -> 15.408163 | MY14: ='Pilotage effectif PA'!NG47 -> 39 | MZ14: =IFERROR(MZ16/MY16,0) -> 825.71429 | NB14: ='Pilotage effectif PA'!NG47*35 -> 1365 | ND14: =IF(MZ14<>0,NB14-MZ14,0) -> 539.28571 | NE14: =ND14/35 -> 15.408163 | NF14: ='Pilotage effectif PA'!NN47 -> 39 | NG14: =IFERROR(NG16/NF16,0) -> 825.71429 | NI14: ='Pilotage effectif PA'!NN47*35 -> 1365 | NK14: =IF(NG14<>0,NI14-NG14,0) -> 539.28571 | NL14: =NK14/35 -> 15.408163 | NM14: ='Pilotage effectif PA'!NU42 -> 0 | NN14: =IFERROR(NN16/NM16,0) -> 825.71429 | NP14: ='Pilotage effectif PA'!NU42*35 -> 0 | NR14: =IF(NN14<>0,NP14-NN14,0) -> -825.71429 | NS14: =NR14/35 -> -23.591837
F15: Cad. | G15: Pcs fdr | I15: Pcs théo | K15: ▲ | M15: Cad. | N15: Pcs fdr | P15: Pcs théo | R15: ▲ | T15: Cad. | U15: Pcs fdr | W15: Pcs théo | Y15: ▲ | AA15: Cad. | AB15: Pcs fdr | AD15: Pcs théo | AF15: ▲ | AH15: Cad. | AI15: Pcs fdr | AK15: Pcs théo | AM15: ▲ | AO15: Cad. | AP15: Pcs fdr | AR15: Pcs théo | AT15: ▲ | AV15: Cad. | AW15: Pcs fdr | AY15: Pcs théo | BA15: ▲ | BC15: Cad. | BD15: Pcs fdr | BF15: Pcs théo | BH15: ▲ | BJ15: Cad. | BK15: Pcs fdr | BM15: Pcs théo | BO15: ▲ | BQ15: Cad. | BR15: Pcs fdr | BT15: Pcs théo | BV15: ▲ | BX15: Cad. | BY15: Pcs fdr | CA15: Pcs théo | CC15: ▲ | CE15: Cad. | CF15: Pcs fdr | CH15: Pcs théo | CJ15: ▲ | CL15: Cad. | CM15: Pcs fdr | CO15: Pcs théo | CQ15: ▲ | CS15: Cad. | CT15: Pcs fdr | CV15: Pcs théo | CX15: ▲ | CZ15: Cad. | DA15: Pcs fdr | DC15: Pcs théo | DE15: ▲ | DG15: Cad. | DH15: Pcs fdr | DJ15: Pcs théo | DL15: ▲ | DN15: Cad. | DO15: Pcs fdr | DQ15: Pcs théo | DS15: ▲ | DU15: Cad. | DV15: Pcs fdr | DX15: Pcs théo | DZ15: ▲ | EB15: Cad. | EC15: Pcs fdr | EE15: Pcs théo | EG15: ▲ | EI15: Cad. | EJ15: Pcs fdr | EL15: Pcs théo | EN15: ▲ | EP15: Cad. | EQ15: Pcs fdr | ES15: Pcs théo | EU15: ▲ | EW15: Cad. | EX15: Pcs fdr | EZ15: Pcs théo | FB15: ▲ | FD15: Cad. | FE15: Pcs fdr | FG15: Pcs théo | FI15: ▲ | FK15: Cad. | FL15: Pcs fdr | FN15: Pcs théo | FP15: ▲ | FR15: Cad. | FS15: Pcs fdr | FU15: Pcs théo | FW15: ▲ | FY15: Cad. | FZ15: Pcs fdr | GB15: Pcs théo | GD15: ▲ | GF15: Cad. | GG15: Pcs fdr | GI15: Pcs théo | GK15: ▲ | GM15: Cad. | GN15: Pcs fdr | GP15: Pcs théo | GR15: ▲ | GT15: Cad. | GU15: Pcs fdr | GW15: Pcs théo | GY15: ▲ | HA15: Cad. | HB15: Pcs fdr | HD15: Pcs théo | HF15: ▲ | HH15: Cad. | HI15: Pcs fdr | HK15: Pcs théo | HM15: ▲ | HO15: Cad. | HP15: Pcs fdr | HR15: Pcs théo | HT15: ▲ | HV15: Cad. | HW15: Pcs fdr | HY15: Pcs théo | IA15: ▲ | IC15: Cad. | ID15: Pcs fdr | IF15: Pcs théo | IH15: ▲ | IJ15: Cad. | IK15: Pcs fdr | IM15: Pcs théo | IO15: ▲ | IQ15: Cad. | IR15: Pcs fdr | IT15: Pcs théo | IV15: ▲ | IX15: Cad. | IY15: Pcs fdr | JA15: Pcs théo | JC15: ▲ | JE15: Cad. | JF15: Pcs fdr | JH15: Pcs théo | JJ15: ▲ | JL15: Cad. | JM15: Pcs fdr | JO15: Pcs théo | JQ15: ▲ | JS15: Cad. | JT15: Pcs fdr | JV15: Pcs théo | JX15: ▲ | JZ15: Cad. | KA15: Pcs fdr | KC15: Pcs théo | KE15: ▲ | KG15: Cad. | KH15: Pcs fdr | KJ15: Pcs théo | KL15: ▲ | KN15: Cad. | KO15: Pcs fdr | KQ15: Pcs théo | KS15: ▲ | KU15: Cad. | KV15: Pcs fdr | KX15: Pcs théo | KZ15: ▲ | LB15: Cad. | LC15: Pcs fdr | LE15: Pcs théo | LG15: ▲ | LI15: Cad. | LJ15: Pcs fdr | LL15: Pcs théo | LN15: ▲ | LP15: Cad. | LQ15: Pcs fdr | LS15: Pcs théo | LU15: ▲ | LW15: Cad. | LX15: Pcs fdr | LZ15: Pcs théo | MB15: ▲ | MD15: Cad. | ME15: Pcs fdr | MG15: Pcs théo | MI15: ▲ | MK15: Cad. | ML15: Pcs fdr | MN15: Pcs théo | MP15: ▲ | MR15: Cad. | MS15: Pcs fdr | MU15: Pcs théo | MW15: ▲ | MY15: Cad. | MZ15: Pcs fdr | NB15: Pcs théo | ND15: ▲ | NF15: Cad. | NG15: Pcs fdr | NI15: Pcs théo | NK15: ▲ | NM15: Cad. | NN15: Pcs fdr | NP15: Pcs théo | NR15: ▲
F16: 330 | I16: =I14*F16 -> 427350 | K16: =IF(G16<>0,I16-G16,0) -> 0 | M16: 250 | P16: =P14*M16 -> 323750 | R16: =IF(N16<>0,P16-N16,0) -> 0 | T16: 355 | W16: =W14*T16 -> 521850 | Y16: =IF(U16<>0,W16-U16,0) -> 0 | AA16: 355 | AB16: 290000 | AD16: =AD14*AA16 -> 434875 | AF16: =IF(AB16<>0,AD16-AB16,0) -> 144875 | AH16: 355 | AI16: 290000 | AK16: =AK14*AH16 -> 434875 | AM16: =IF(AI16<>0,AK16-AI16,0) -> 144875 | AO16: 355 | AP16: 328000 | AR16: =AR14*AO16 -> 484575 | AT16: =IF(AP16<>0,AR16-AP16,0) -> 156575 | AV16: 355 | AW16: =AW12/AZ5 -> 321111.11 | AY16: =AY14*AV16 -> 419965 | BA16: =IF(AW16<>0,AY16-AW16,0) -> 98853.889 | BC16: 355 | BD16: =BD12/BG5 -> 309642.86 | BF16: =BF14*BC16 -> 422450 | BH16: =IF(BD16<>0,BF16-BD16,0) -> 112807.14 | BJ16: 300 | BK16: =BK12/BN5 -> 270937.5 | BM16: =BM14*BJ16 -> 388500 | BO16: =IF(BK16<>0,BM16-BK16,0) -> 117562.5 | BQ16: 300 | BR16: =BR12/BU5 -> 271481.48 | BT16: =BT14*BQ16 -> 378000 | BV16: =IF(BR16<>0,BT16-BR16,0) -> 106518.52 | BX16: 320 | BY16: =BY12/CB5 -> 309642.86 | CA16: =CA14*BX16 -> 392000 | CC16: =IF(BY16<>0,CA16-BY16,0) -> 82357.143 | CE16: 320 | CF16: 191766 | CH16: =CH14*CE16 -> 403200 | CJ16: =IF(CF16<>0,CH16-CF16,0) -> 211434 | CL16: 325 | CM16: =CM12/CP5 -> 279677.42 | CO16: =CO14*CL16 -> 398125 | CQ16: =IF(CM16<>0,CO16-CM16,0) -> 118447.58 | CS16: 320 | CT16: =CT12/CW5 -> 289000 | CV16: =CV14*CS16 -> 392000 | CX16: =IF(CT16<>0,CV16-CT16,0) -> 103000 | CZ16: 320 | DA16: =DA12/DD5 -> 298965.52 | DC16: =DC14*CZ16 -> 369600 | DE16: =IF(DA16<>0,DC16-DA16,0) -> 70634.483 | DG16: 325 | DH16: =DH12/DK5 -> 279677.42 | DJ16: =DJ14*DG16 -> 341250 | DL16: =IF(DH16<>0,DJ16-DH16,0) -> 61572.581 | DN16: 330 | DO16: =DO12/DR5 -> 241379.31 | DQ16: =DQ14*DN16 -> 297990 | DS16: =IF(DO16<>0,DQ16-DO16,0) -> 56610.69 | DU16: 340 | DV16: =DV12/DY5 -> 232258.06 | DX16: =DX14*DU16 -> 318920 | DZ16: =IF(DV16<>0,DX16-DV16,0) -> 86661.935 | EB16: 335 | EC16: =EC12/EF5 -> 311000 | EE16: =EE14*EB16 -> 340025 | EG16: =IF(EC16<>0,EE16-EC16,0) -> 29025 | EI16: 325 | EJ16: =EJ12/EM5 -> 289000 | EL16: =EL14*EI16 -> 359450 | EN16: =IF(EJ16<>0,EL16-EJ16,0) -> 70450 | EP16: 330 | EQ16: =EQ12/ET5 -> 333181.82 | ES16: =ES14*EP16 -> 358050 | EU16: =IF(EQ16<>0,ES16-EQ16,0) -> 24868.182 | EW16: 330 | EX16: =EX12/FA5 -> 289000 | EZ16: =EZ14*EW16 -> 334950 | FB16: =IF(EX16<>0,EZ16-EX16,0) -> 45950 | FD16: 330 | FE16: 300000 | FG16: =FG14*FD16 -> 381150 | FI16: =IF(FE16<>0,FG16-FE16,0) -> 81150 | FK16: 320 | FL16: 300000 | FN16: =FN14*FK16 -> 321984 | FP16: =IF(FL16<>0,FN16-FL16,0) -> 21984 | FR16: 330 | FS16: =FS12/FV5 -> 333333.33 | FU16: =FU14*FR16 -> 334950 | FW16: =IF(FS16<>0,FU16-FS16,0) -> 1616.6667 | FY16: 320 | FZ16: =FZ12/GC5 -> 333333.33 | GB16: =GB14*FY16 -> 324800 | GD16: =IF(FZ16<>0,GB16-FZ16,0) -> -8533.3333 | GF16: 320 | GG16: =GG12/GJ5 -> 333333.33 | GI16: =GI14*GF16 -> 324800 | GK16: =IF(GG16<>0,GI16-GG16,0) -> -8533.3333 | GM16: 320 | GN16: =GN12/GQ5 -> 333333.33 | GP16: =GP14*GM16 -> 313600 | GR16: =IF(GN16<>0,GP16-GN16,0) -> -19733.333 | GT16: 320 | GU16: =GU12/GX5 -> 289000 | GW16: =GW14*GT16 -> 268800 | GY16: =IF(GU16<>0,GW16-GU16,0) -> -20200 | HA16: 320 | HB16: 290000 | HD16: =HD14*HA16 -> 324800 | HF16: =IF(HB16<>0,HD16-HB16,0) -> 34800 | HH16: 320 | HI16: 328000 | HK16: =HK14*HH16 -> 287040 | HM16: =IF(HI16<>0,HK16-HI16,0) -> -40960 | HO16: 320 | HP16: =HP12/HS5 -> 333333.33 | HR16: =HR14*HO16 -> 257600 | HT16: =IF(HP16<>0,HR16-HP16,0) -> -75733.333 | HV16: 320 | HW16: =HW12/HZ5 -> 333333.33 | HY16: =HY14*HV16 -> 280000 | IA16: =IF(HW16<>0,HY16-HW16,0) -> -53333.333 | IC16: 320 | ID16: =ID12/IG5 -> 333333.33 | IF16: =IF14*IC16 -> 347200 | IH16: =IF(ID16<>0,IF16-ID16,0) -> 13866.667 | IJ16: 300 | IK16: =IK12/IN5 -> 244333.33 | IM16: =IM14*IJ16 -> 325500 | IO16: =IF(IK16<>0,IM16-IK16,0) -> 81166.667 | IQ16: 320 | IR16: =IR12/IU5 -> 289000 | IT16: =IT14*IQ16 -> 353920 | IV16: =IF(IR16<>0,IT16-IR16,0) -> 64920 | IX16: 320 | IY16: 191766 | JA16: =JA14*IX16 -> 358400 | JC16: =IF(IY16<>0,JA16-IY16,0) -> 166634 | JE16: 325 | JF16: =JF12/JI5 -> 279677.42 | JH16: =JH14*JE16 -> 443625 | JJ16: =IF(JF16<>0,JH16-JF16,0) -> 163947.58 | JL16: 320 | JM16: =JM12/JP5 -> 289000 | JO16: =JO14*JL16 -> 436800 | JQ16: =IF(JM16<>0,JO16-JM16,0) -> 147800 | JS16: 320 | JT16: =JT12/JW5 -> 298965.52 | JV16: =JV14*JS16 -> 436800 | JX16: =IF(JT16<>0,JV16-JT16,0) -> 137834.48 | JZ16: 325 | KA16: =KA12/KD5 -> 279677.42 | KC16: =KC14*JZ16 -> 443625 | KE16: =IF(KA16<>0,KC16-KA16,0) -> 163947.58 | KG16: 330 | KH16: =KH12/KK5 -> 241379.31 | KJ16: =KJ14*KG16 -> 450450 | KL16: =IF(KH16<>0,KJ16-KH16,0) -> 209070.69 | KN16: 340 | KO16: =KO12/KR5 -> 232258.06 | KQ16: =KQ14*KN16 -> 464100 | KS16: =IF(KO16<>0,KQ16-KO16,0) -> 231841.94 | KU16: 335 | KV16: =KV12/KY5 -> 311000 | KX16: =KX14*KU16 -> 457275 | KZ16: =IF(KV16<>0,KX16-KV16,0) -> 146275 | LB16: 325 | LC16: =LC12/LF5 -> 289000 | LE16: =LE14*LB16 -> 443625 | LG16: =IF(LC16<>0,LE16-LC16,0) -> 154625 | LI16: 330 | LJ16: =LJ12/LM5 -> 333181.82 | LL16: =LL14*LI16 -> 450450 | LN16: =IF(LJ16<>0,LL16-LJ16,0) -> 117268.18 | LP16: 330 | LQ16: =LQ12/LT5 -> 289000 | LS16: =LS14*LP16 -> 450450 | LU16: =IF(LQ16<>0,LS16-LQ16,0) -> 161450 | LW16: 300 | LX16: =LX12/MA5 -> 247714.29 | LZ16: =LZ14*LW16 -> 409500 | MB16: =IF(LX16<>0,LZ16-LX16,0) -> 161785.71 | MD16: 300 | ME16: =ME12/MH5 -> 247714.29 | MG16: =MG14*MD16 -> 409500 | MI16: =IF(ME16<>0,MG16-ME16,0) -> 161785.71 | MK16: 300 | ML16: =ML12/MO5 -> 247714.29 | MN16: =MN14*MK16 -> 409500 | MP16: =IF(ML16<>0,MN16-ML16,0) -> 161785.71 | MR16: 300 | MS16: =MS12/MV5 -> 247714.29 | MU16: =MU14*MR16 -> 409500 | MW16: =IF(MS16<>0,MU16-MS16,0) -> 161785.71 | MY16: 300 | MZ16: =MZ12/NC5 -> 247714.29 | NB16: =NB14*MY16 -> 409500 | ND16: =IF(MZ16<>0,NB16-MZ16,0) -> 161785.71 | NF16: 300 | NG16: =NG12/NJ5 -> 247714.29 | NI16: =NI14*NF16 -> 409500 | NK16: =IF(NG16<>0,NI16-NG16,0) -> 161785.71 | NM16: 300 | NN16: =NN12/NQ5 -> 247714.29 | NP16: =NP14*NM16 -> 0 | NR16: =IF(NN16<>0,NP16-NN16,0) -> -247714.29
F18: Prod. | G18: Valeur obj. | M18: Prod. | N18: Valeur obj. | T18: Prod. | U18: Valeur obj. | AA18: Prod. | AB18: Valeur obj. | AH18: Prod. | AI18: Valeur obj. | AO18: Prod. | AP18: Valeur obj. | AV18: Prod. | AW18: Valeur obj. | BC18: Prod. | BD18: Valeur obj. | BJ18: Prod. | BK18: Valeur obj. | BQ18: Prod. | BR18: Valeur obj. | BX18: Prod. | BY18: Valeur obj. | CE18: Prod. | CF18: Valeur obj. | CL18: Prod. | CM18: Valeur obj. | CS18: Prod. | CT18: Valeur obj. | CZ18: Prod. | DA18: Valeur obj. | DG18: Prod. | DH18: Valeur obj. | DN18: Prod. | DO18: Valeur obj. | DU18: Prod. | DV18: Valeur obj. | EB18: Prod. | EC18: Valeur obj. | EI18: Prod. | EJ18: Valeur obj. | EP18: Prod. | EQ18: Valeur obj. | EW18: Prod. | EX18: Valeur obj. | FD18: Prod. | FE18: Valeur obj. | FK18: Prod. | FL18: Valeur obj. | FR18: Prod. | FS18: Valeur obj. | FY18: Prod. | FZ18: Valeur obj. | GF18: Prod. | GG18: Valeur obj. | GM18: Prod. | GN18: Valeur obj. | GT18: Prod. | GU18: Valeur obj. | HA18: Prod. | HB18: Valeur obj. | HH18: Prod. | HI18: Valeur obj. | HO18: Prod. | HP18: Valeur obj. | HV18: Prod. | HW18: Valeur obj. | IC18: Prod. | ID18: Valeur obj. | IJ18: Prod. | IK18: Valeur obj. | IQ18: Prod. | IR18: Valeur obj. | IX18: Prod. | IY18: Valeur obj. | JE18: Prod. | JF18: Valeur obj. | JL18: Prod. | JM18: Valeur obj. | JS18: Prod. | JT18: Valeur obj. | JZ18: Prod. | KA18: Valeur obj. | KG18: Prod. | KH18: Valeur obj. | KN18: Prod. | KO18: Valeur obj. | KU18: Prod. | KV18: Valeur obj. | LB18: Prod. | LC18: Valeur obj. | LI18: Prod. | LJ18: Valeur obj. | LP18: Prod. | LQ18: Valeur obj. | LW18: Prod. | LX18: Valeur obj. | MD18: Prod. | ME18: Valeur obj. | MK18: Prod. | ML18: Valeur obj. | MR18: Prod. | MS18: Valeur obj. | MY18: Prod. | MZ18: Valeur obj. | NF18: Prod. | NG18: Valeur obj. | NM18: Prod. | NN18: Valeur obj.
F19: 600 | G19: =ROUND(G$5/3,-3) -> 867000 | M19: 600 | N19: =ROUND(N$5/3,-3) -> 867000 | T19: 600 | U19: =ROUND(U$5/3,-3) -> 1000000 | AA19: 600 | AB19: =ROUND(AB$5/3,-3) -> 867000 | AH19: 600 | AI19: =ROUND(AI$5/3,-3) -> 867000 | AO19: 600 | AP19: =ROUND(AP$5/3,-3) -> 867000 | AV19: 600 | AW19: =ROUND(AW$5/3,-3) -> 867000 | BC19: 600 | BD19: =ROUND(BD$5/3,-3) -> 867000 | BJ19: 600 | BK19: =ROUND(BK$5/3,-3) -> 867000 | BQ19: 600 | BR19: =ROUND(BR$5/3,-3) -> 733000 | BX19: 600 | BY19: =ROUND(BY$5/3,-3) -> 867000 | CE19: 600 | CF19: =ROUND(CF$5/3,-3) -> 867000 | CL19: 600 | CM19: =ROUND(CM$5/3,-3) -> 867000 | CS19: 600 | CT19: =ROUND(CT$5/3,-3) -> 867000 | CZ19: 600 | DA19: =ROUND(DA$5/3,-3) -> 867000 | DG19: 600 | DH19: =ROUND(DH$5/3,-3) -> 867000 | DN19: 600 | DO19: =ROUND(DO$5/3,-3) -> 700000 | DU19: 600 | DV19: =ROUND(DV$5/3,-3) -> 720000 | EB19: 600 | EC19: =ROUND(EC$5/3,-3) -> 933000 | EI19: 600 | EJ19: =ROUND(EJ$5/3,-3) -> 867000 | EP19: 600 | EQ19: =ROUND(EQ$5/3,-3) -> 733000 | EW19: 600 | EX19: =ROUND(EX$5/3,-3) -> 867000 | FD19: 600 | FE19: =ROUND(FE$5/3,-3) -> 867000 | FK19: 600 | FL19: =ROUND(FL$5/3,-3) -> 867000 | FR19: 600 | FS19: =ROUND(FS$5/3,-3) -> 1000000 | FY19: 600 | FZ19: =ROUND(FZ$5/3,-3) -> 1000000 | GF19: 600 | GG19: =ROUND(GG$5/3,-3) -> 1000000 | GM19: 600 | GN19: =ROUND(GN$5/3,-3) -> 1000000 | GT19: 600 | GU19: =ROUND(GU$5/3,-3) -> 867000 | HA19: 600 | HB19: =ROUND(HB$5/3,-3) -> 1000000 | HH19: 600 | HI19: =ROUND(HI$5/3,-3) -> 1000000 | HO19: 600 | HP19: =ROUND(HP$5/3,-3) -> 1000000 | HV19: 600 | HW19: =ROUND(HW$5/3,-3) -> 1000000 | IC19: 600 | ID19: =ROUND(ID$5/3,-3) -> 1000000 | IJ19: 600 | IK19: =ROUND(IK$5/3,-3) -> 733000 | IQ19: 600 | IR19: =ROUND(IR$5/3,-3) -> 867000 | IX19: 600 | IY19: =ROUND(IY$5/3,-3) -> 867000 | JE19: 600 | JF19: =ROUND(JF$5/3,-3) -> 867000 | JL19: 600 | JM19: =ROUND(JM$5/3,-3) -> 867000 | JS19: 600 | JT19: =ROUND(JT$5/3,-3) -> 867000 | JZ19: 600 | KA19: =ROUND(KA$5/3,-3) -> 867000 | KG19: 600 | KH19: =ROUND(KH$5/3,-3) -> 700000 | KN19: 600 | KO19: =ROUND(KO$5/3,-3) -> 720000 | KU19: 600 | KV19: =ROUND(KV$5/3,-3) -> 933000 | LB19: 600 | LC19: =ROUND(LC$5/3,-3) -> 867000 | LI19: 600 | LJ19: =ROUND(LJ$5/3,-3) -> 733000 | LP19: 600 | LQ19: =ROUND(LQ$5/3,-3) -> 867000 | LW19: 600 | LX19: =ROUND(LX$5/3,-3) -> 867000 | MD19: 600 | ME19: =ROUND(ME$5/3,-3) -> 867000 | MK19: 600 | ML19: =ROUND(ML$5/3,-3) -> 867000 | MR19: 600 | MS19: =ROUND(MS$5/3,-3) -> 867000 | MY19: 600 | MZ19: =ROUND(MZ$5/3,-3) -> 867000 | NF19: 600 | NG19: =ROUND(NG$5/3,-3) -> 867000 | NM19: 600 | NN19: =ROUND(NN$5/3,-3) -> 867000
C20: EUP | F20: Eff. | G20: H besoin | I20: H aff. | K20: ▲ | M20: Eff. | N20: H besoin | P20: H aff. | R20: ▲ | T20: Eff. | U20: H besoin | W20: H aff. | Y20: ▲ | AA20: Eff. | AB20: H besoin | AD20: H aff. | AF20: ▲ | AH20: Eff. | AI20: H besoin | AK20: H aff. | AM20: ▲ | AO20: Eff. | AP20: H besoin | AR20: H aff. | AT20: ▲ | AV20: Eff. | AW20: H besoin | AY20: H aff. | BA20: ▲ | BC20: Eff. | BD20: H besoin | BF20: H aff. | BH20: ▲ | BJ20: Eff. | BK20: H besoin | BM20: H aff. | BO20: ▲ | BQ20: Eff. | BR20: H besoin | BT20: H aff. | BV20: ▲ | BX20: Eff. | BY20: H besoin | CA20: H aff. | CC20: ▲ | CE20: Eff. | CF20: H besoin | CH20: H aff. | CJ20: ▲ | CL20: Eff. | CM20: H besoin | CO20: H aff. | CQ20: ▲ | CS20: Eff. | CT20: H besoin | CV20: H aff. | CX20: ▲ | CZ20: Eff. | DA20: H besoin | DC20: H aff. | DE20: ▲ | DG20: Eff. | DH20: H besoin | DJ20: H aff. | DL20: ▲ | DN20: Eff. | DO20: H besoin | DQ20: H aff. | DS20: ▲ | DU20: Eff. | DV20: H besoin | DX20: H aff. | DZ20: ▲ | EB20: Eff. | EC20: H besoin | EE20: H aff. | EG20: ▲ | EI20: Eff. | EJ20: H besoin | EL20: H aff. | EN20: ▲ | EP20: Eff. | EQ20: H besoin | ES20: H aff. | EU20: ▲ | EW20: Eff. | EX20: H besoin | EZ20: H aff. | FB20: ▲ | FD20: Eff. | FE20: H besoin | FG20: H aff. | FI20: ▲ | FK20: Eff. | FL20: H besoin | FN20: H aff. | FP20: ▲ | FR20: Eff. | FS20: H besoin | FU20: H aff. | FW20: ▲ | FY20: Eff. | FZ20: H besoin | GB20: H aff. | GD20: ▲ | GF20: Eff. | GG20: H besoin | GI20: H aff. | GK20: ▲ | GM20: Eff. | GN20: H besoin | GP20: H aff. | GR20: ▲ | GT20: Eff. | GU20: H besoin | GW20: H aff. | GY20: ▲ | HA20: Eff. | HB20: H besoin | HD20: H aff. | HF20: ▲ | HH20: Eff. | HI20: H besoin | HK20: H aff. | HM20: ▲ | HO20: Eff. | HP20: H besoin | HR20: H aff. | HT20: ▲ | HV20: Eff. | HW20: H besoin | HY20: H aff. | IA20: ▲ | IC20: Eff. | ID20: H besoin | IF20: H aff. | IH20: ▲ | IJ20: Eff. | IK20: H besoin | IM20: H aff. | IO20: ▲ | IQ20: Eff. | IR20: H besoin | IT20: H aff. | IV20: ▲ | IX20: Eff. | IY20: H besoin | JA20: H aff. | JC20: ▲ | JE20: Eff. | JF20: H besoin | JH20: H aff. | JJ20: ▲ | JL20: Eff. | JM20: H besoin | JO20: H aff. | JQ20: ▲ | JS20: Eff. | JT20: H besoin | JV20: H aff. | JX20: ▲ | JZ20: Eff. | KA20: H besoin | KC20: H aff. | KE20: ▲ | KG20: Eff. | KH20: H besoin | KJ20: H aff. | KL20: ▲ | KN20: Eff. | KO20: H besoin | KQ20: H aff. | KS20: ▲ | KU20: Eff. | KV20: H besoin | KX20: H aff. | KZ20: ▲ | LB20: Eff. | LC20: H besoin | LE20: H aff. | LG20: ▲ | LI20: Eff. | LJ20: H besoin | LL20: H aff. | LN20: ▲ | LP20: Eff. | LQ20: H besoin | LS20: H aff. | LU20: ▲ | LW20: Eff. | LX20: H besoin | LZ20: H aff. | MB20: ▲ | MD20: Eff. | ME20: H besoin | MG20: H aff. | MI20: ▲ | MK20: Eff. | ML20: H besoin | MN20: H aff. | MP20: ▲ | MR20: Eff. | MS20: H besoin | MU20: H aff. | MW20: ▲ | MY20: Eff. | MZ20: H besoin | NB20: H aff. | ND20: ▲ | NF20: Eff. | NG20: H besoin | NI20: H aff. | NK20: ▲ | NM20: Eff. | NN20: H besoin | NP20: H aff. | NR20: ▲
F21: ='Pilotage effectif EUP'!N43 -> 35 | G21: =G23/F23 -> 0 | I21: ='Pilotage effectif EUP'!N43*35 -> 1225 | K21: =IF(G21<>0,I21-G21,0) -> 0 | L21: =K21/35 -> 0 | M21: ='Pilotage effectif EUP'!U43 -> 35 | N21: =N23/M23 -> 0 | P21: ='Pilotage effectif EUP'!U43*35 -> 1225 | R21: =IF(N21<>0,P21-N21,0) -> 0 | S21: =R21/35 -> 0 | T21: ='Pilotage effectif EUP'!AB43 -> 32 | U21: =U23/T23 -> 0 | W21: ='Pilotage effectif EUP'!AB43*42 -> 1344 | Y21: =IF(U21<>0,W21-U21,0) -> 0 | Z21: =Y21/35 -> 0 | AA21: ='Pilotage effectif EUP'!AI43 -> 32 | AB21: =AB23/AA23 -> 704.22535 | AD21: ='Pilotage effectif EUP'!AI43*35 -> 1120 | AF21: =IF(AB21<>0,AD21-AB21,0) -> 415.77465 | AG21: =AF21/35 -> 11.879276 | AH21: ='Pilotage effectif EUP'!AP43 -> 30 | AI21: =IFERROR(AI23/AH23,0) -> 816.90141 | AK21: ='Pilotage effectif EUP'!AP43*35 -> 1050 | AM21: =IF(AI21<>0,AK21-AI21,0) -> 233.09859 | AN21: =AM21/35 -> 6.6599598 | AO21: ='Pilotage effectif EUP'!AW43 -> 30 | AP21: =IFERROR(AP23/AO23,0) -> 873.23944 | AR21: ='Pilotage effectif EUP'!AW43*39 -> 1170 | AT21: =IF(AP21<>0,AR21-AP21,0) -> 296.76056 | AU21: =AT21/35 -> 8.4788732 | AV21: ='Pilotage effectif EUP'!BD43 -> 31 | AW21: =IFERROR(AW23/AV23,0) -> 904.53834 | AY21: ='Pilotage effectif EUP'!BD43*35 -> 1085 | BA21: =IF(AW21<>0,AY21-AW21,0) -> 180.46166 | BB21: =BA21/35 -> 5.1560474 | BC21: ='Pilotage effectif EUP'!BK43 -> 31 | BD21: =IFERROR(BD23/BC23,0) -> 872.2334 | BF21: ='Pilotage effectif EUP'!BK43*35 -> 1085 | BH21: =IF(BD21<>0,BF21-BD21,0) -> 212.7666 | BI21: =BH21/35 -> 6.0790457 | BJ21: ='Pilotage effectif EUP'!BR43 -> 31 | BK21: =IFERROR(BK23/BJ23,0) -> 903.125 | BM21: ='Pilotage effectif EUP'!BR43*35 -> 1085 | BO21: =IF(BK21<>0,BM21-BK21,0) -> 181.875 | BP21: =BO21/35 -> 5.1964286 | BQ21: ='Pilotage effectif EUP'!BY43 -> 32 | BR21: =IFERROR(BR23/BQ23,0) -> 904.93827 | BT21: ='Pilotage effectif EUP'!BY43*35 -> 1120 | BV21: =IF(BR21<>0,BT21-BR21,0) -> 215.06173 | BW21: =BV21/35 -> 6.1446208 | BX21: ='Pilotage effectif EUP'!CH43 -> 28 | BY21: =IFERROR(BY23/BX23,0) -> 967.63393 | CA21: ='Pilotage effectif EUP'!CF43*35 -> 1155 | CC21: =IF(BY21<>0,CA21-BY21,0) -> 187.36607 | CD21: =CC21/35 -> 5.3533163 | CE21: ='Pilotage effectif EUP'!CM43 -> 28 | CF21: =IFERROR(CF23/CE23,0) -> 872.72812 | CH21: ='Pilotage effectif EUP'!CM43*35 -> 980 | CJ21: =IF(CF21<>0,CH21-CF21,0) -> 107.27188 | CK21: =CJ21/35 -> 3.0649107 | CL21: ='Pilotage effectif EUP'!CT43 -> 28 | CM21: =IFERROR(CM23/CL23,0) -> 860.54591 | CO21: ='Pilotage effectif EUP'!CT43*35 -> 980 | CQ21: =IF(CM21<>0,CO21-CM21,0) -> 119.45409 | CR21: =CQ21/35 -> 3.4129741 | CS21: ='Pilotage effectif EUP'!DA43 -> 28 | CT21: =IFERROR(CT23/CS23,0) -> 903.125 | CV21: ='Pilotage effectif EUP'!DA43*35 -> 980 | CX21: =IF(CT21<>0,CV21-CT21,0) -> 76.875 | CY21: =CX21/35 -> 2.1964286 | CZ21: ='Pilotage effectif EUP'!DH43 -> 29.4 | DA21: =IFERROR(DA23/CZ23,0) -> 934.26724 | DC21: ='Pilotage effectif EUP'!DH43*35 -> 1029 | DE21: =IF(DA21<>0,DC21-DA21,0) -> 94.732759 | DF21: =DE21/35 -> 2.7066502 | DG21: ='Pilotage effectif EUP'!DV43 -> 27 | DH21: =IFERROR(DH23/DG23,0) -> 860.54591 | DJ21: ='Pilotage effectif EUP'!DV43*35 -> 945 | DL21: =IF(DH21<>0,DJ21-DH21,0) -> 84.454094 | DM21: =DL21/35 -> 2.4129741 | DN21: ='Pilotage effectif EUP'!DV43 -> 27 | DO21: =IFERROR(DO23/DN23,0) -> 731.45246 | DQ21: ='Pilotage effectif EUP'!DV43*35 -> 945 | DS21: =IF(DO21<>0,DQ21-DO21,0) -> 213.54754 | DT21: =DS21/35 -> 6.1013584 | DU21: ='Pilotage effectif EUP'!EC43 -> 22.2 | DV21: =IFERROR(DV23/DU23,0) -> 683.11195 | DX21: ='Pilotage effectif EUP'!EC43*35 -> 777 | DZ21: =IF(DV21<>0,DX21-DV21,0) -> 93.888046 | EA21: =DZ21/35 -> 2.6825156 | EB21: ='Pilotage effectif EUP'!EJ43 -> 24.6 | EC21: =IFERROR(EC23/EB23,0) -> 928.35821 | EE21: ='Pilotage effectif EUP'!EJ43*35 -> 861 | EG21: =IF(EC21<>0,EE21-EC21,0) -> -67.358209 | EH21: =EG21/35 -> -1.9245203 | EI21: ='Pilotage effectif EUP'!EQ43 -> 27 | EJ21: =IFERROR(EJ23/EI23,0) -> 889.23077 | EL21: ='Pilotage effectif EUP'!EQ43*35 -> 945 | EN21: =IF(EJ21<>0,EL21-EJ21,0) -> 55.769231 | EO21: =EN21/35 -> 1.5934066 | EP21: ='Pilotage effectif EUP'!EX43 -> 30 | EQ21: =IFERROR(EQ23/EP23,0) -> 1009.6419 | ES21: ='Pilotage effectif EUP'!EX43*35 -> 1050 | EU21: =IF(EQ21<>0,ES21-EQ21,0) -> 40.358127 | EV21: =EU21/35 -> 1.1530893 | EW21: ='Pilotage effectif EUP'!FE43 -> 27 | EX21: =IFERROR(EX23/EW23,0) -> 875.75758 | EZ21: ='Pilotage effectif EUP'!FE43*35 -> 945 | FB21: =IF(EX21<>0,EZ21-EX21,0) -> 69.242424 | FC21: =FB21/35 -> 1.978355 | FD21: ='Pilotage effectif EUP'!FL43 -> 28 | FE21: =IFERROR(FE23/FD23,0) -> 909.09091 | FG21: ='Pilotage effectif EUP'!FL43*35 -> 980 | FI21: =IF(FE21<>0,FG21-FE21,0) -> 70.909091 | FJ21: =FI21/35 -> 2.025974 | FK21: ='Pilotage effectif EUP'!FS43 -> 24.4 | FL21: =IFERROR(FL23/FK23,0) -> 937.5 | FN21: ='Pilotage effectif EUP'!FS43*39 -> 951.6 | FP21: =IF(FL21<>0,FN21-FL21,0) -> 14.1 | FQ21: =FP21/35 -> 0.40285714 | FR21: ='Pilotage effectif EUP'!FZ43 -> 29 | FS21: =IFERROR(FS23/FR23,0) -> 1010.101 | FU21: ='Pilotage effectif EUP'!FZ43*35 -> 1015 | FW21: =IF(FS21<>0,FU21-FS21,0) -> 4.8989899 | FX21: =FW21/35 -> 0.13997114 | FY21: ='Pilotage effectif EUP'!GG43 -> 29.4 | FZ21: =IFERROR(FZ23/FY23,0) -> 1041.6667 | GB21: ='Pilotage effectif EUP'!GG43*35 -> 1029 | GD21: =IF(FZ21<>0,GB21-FZ21,0) -> -12.666667 | GE21: =GD21/35 -> -0.36190476 | GF21: ='Pilotage effectif EUP'!GN43 -> 26 | GG21: =IFERROR(GG23/GF23,0) -> 1041.6667 | GI21: ='Pilotage effectif EUP'!GN43*35 -> 910 | GK21: =IF(GG21<>0,GI21-GG21,0) -> -131.66667 | GL21: =GK21/35 -> -3.7619048 | GM21: ='Pilotage effectif EUP'!GU43 -> 27 | GN21: =IFERROR(GN23/GM23,0) -> 1041.6667 | GP21: ='Pilotage effectif EUP'!GU43*35 -> 945 | GR21: =IF(GN21<>0,GP21-GN21,0) -> -96.666667 | GS21: =GR21/35 -> -2.7619048 | GT21: ='Pilotage effectif EUP'!HB43 -> 22 | GU21: =IFERROR(GU23/GT23,0) -> 903.125 | GW21: ='Pilotage effectif EUP'!HB43*35 -> 770 | GY21: =IF(GU21<>0,GW21-GU21,0) -> -133.125 | GZ21: =GY21/35 -> -3.8035714 | HA21: ='Pilotage effectif EUP'!HI43 -> 21 | HB21: =IFERROR(HB23/HA23,0) -> 906.25 | HD21: ='Pilotage effectif EUP'!HI43*35 -> 735 | HF21: =IF(HB21<>0,HD21-HB21,0) -> -171.25 | HG21: =HF21/35 -> -4.8928571 | HH21: ='Pilotage effectif EUP'!HP43 -> 22 | HI21: =IFERROR(HI23/HH23,0) -> 968.75 | HK21: ='Pilotage effectif EUP'!HP43*39 -> 858 | HM21: =IF(HI21<>0,HK21-HI21,0) -> -110.75 | HN21: =HM21/35 -> -3.1642857 | HO21: ='Pilotage effectif EUP'!HW43 -> 25 | HP21: =IFERROR(HP23/HO23,0) -> 1041.6667 | HR21: ='Pilotage effectif EUP'!HW43*35 -> 875 | HT21: =IF(HP21<>0,HR21-HP21,0) -> -166.66667 | HU21: =HT21/35 -> -4.7619048 | HV21: ='Pilotage effectif EUP'!ID43 -> 26 | HW21: =IFERROR(HW23/HV23,0) -> 1041.6667 | HY21: ='Pilotage effectif EUP'!ID43*35 -> 910 | IA21: =IF(HW21<>0,HY21-HW21,0) -> -131.66667 | IB21: =IA21/35 -> -3.7619048 | IC21: ='Pilotage effectif EUP'!IK43 -> 24 | ID21: =IFERROR(ID23/IC23,0) -> 1041.6667 | IF21: ='Pilotage effectif EUP'!IK43*35 -> 840 | IH21: =IF(ID21<>0,IF21-ID21,0) -> -201.66667 | II21: =IH21/35 -> -5.7619048 | IJ21: ='Pilotage effectif EUP'!IR43 -> 26 | IK21: =IFERROR(IK23/IJ23,0) -> 814.44444 | IM21: ='Pilotage effectif EUP'!IR43*35 -> 910 | IO21: =IF(IK21<>0,IM21-IK21,0) -> 95.555556 | IP21: =IO21/35 -> 2.7301587 | IQ21: ='Pilotage effectif EUP'!JA43 -> 30 | IR21: =IFERROR(IR23/IQ23,0) -> 903.125 | IT21: ='Pilotage effectif EUP'!IY43*35 -> 910 | IV21: =IF(IR21<>0,IT21-IR21,0) -> 6.875 | IW21: =IV21/35 -> 0.19642857 | IX21: ='Pilotage effectif EUP'!JF43 -> 30 | IY21: =IFERROR(IY23/IX23,0) -> 872.72812 | JA21: ='Pilotage effectif EUP'!JF43*35 -> 1050 | JC21: =IF(IY21<>0,JA21-IY21,0) -> 177.27188 | JD21: =JC21/35 -> 5.0649107 | JE21: ='Pilotage effectif EUP'!JM43 -> 32 | JF21: =IFERROR(JF23/JE23,0) -> 860.54591 | JH21: ='Pilotage effectif EUP'!JM43*35 -> 1120 | JJ21: =IF(JF21<>0,JH21-JF21,0) -> 259.45409 | JK21: =JJ21/35 -> 7.4129741 | JL21: ='Pilotage effectif EUP'!JT43 -> 34 | JM21: =IFERROR(JM23/JL23,0) -> 903.125 | JO21: ='Pilotage effectif EUP'!JT43*35 -> 1190 | JQ21: =IF(JM21<>0,JO21-JM21,0) -> 286.875 | JR21: =JQ21/35 -> 8.1964286 | JS21: ='Pilotage effectif EUP'!KA43 -> 35 | JT21: =IFERROR(JT23/JS23,0) -> 934.26724 | JV21: ='Pilotage effectif EUP'!KA43*35 -> 1225 | JX21: =IF(JT21<>0,JV21-JT21,0) -> 290.73276 | JY21: =JX21/35 -> 8.3066502 | JZ21: ='Pilotage effectif EUP'!KO43 -> 35 | KA21: =IFERROR(KA23/JZ23,0) -> 860.54591 | KC21: ='Pilotage effectif EUP'!KO43*35 -> 1225 | KE21: =IF(KA21<>0,KC21-KA21,0) -> 364.45409 | KF21: =KE21/35 -> 10.412974 | KG21: ='Pilotage effectif EUP'!KO43 -> 35 | KH21: =IFERROR(KH23/KG23,0) -> 731.45246 | KJ21: ='Pilotage effectif EUP'!KO43*35 -> 1225 | KL21: =IF(KH21<>0,KJ21-KH21,0) -> 493.54754 | KM21: =KL21/35 -> 14.101358 | KN21: ='Pilotage effectif EUP'!KV43 -> 35 | KO21: =IFERROR(KO23/KN23,0) -> 683.11195 | KQ21: ='Pilotage effectif EUP'!KV43*35 -> 1225 | KS21: =IF(KO21<>0,KQ21-KO21,0) -> 541.88805 | KT21: =KS21/35 -> 15.482516 | KU21: ='Pilotage effectif EUP'!LC43 -> 35 | KV21: =IFERROR(KV23/KU23,0) -> 928.35821 | KX21: ='Pilotage effectif EUP'!LC43*35 -> 1225 | KZ21: =IF(KV21<>0,KX21-KV21,0) -> 296.64179 | LA21: =KZ21/35 -> 8.4754797 | LB21: ='Pilotage effectif EUP'!LJ43 -> 35 | LC21: =IFERROR(LC23/LB23,0) -> 889.23077 | LE21: ='Pilotage effectif EUP'!LJ43*35 -> 1225 | LG21: =IF(LC21<>0,LE21-LC21,0) -> 335.76923 | LH21: =LG21/35 -> 9.5934066 | LI21: ='Pilotage effectif EUP'!LQ43 -> 35 | LJ21: =IFERROR(LJ23/LI23,0) -> 1009.6419 | LL21: ='Pilotage effectif EUP'!LQ43*35 -> 1225 | LN21: =IF(LJ21<>0,LL21-LJ21,0) -> 215.35813 | LO21: =LN21/35 -> 6.1530893 | LP21: ='Pilotage effectif EUP'!LX43 -> 35 | LQ21: =IFERROR(LQ23/LP23,0) -> 875.75758 | LS21: ='Pilotage effectif EUP'!LX43*35 -> 1225 | LU21: =IF(LQ21<>0,LS21-LQ21,0) -> 349.24242 | LV21: =LU21/35 -> 9.978355 | LW21: ='Pilotage effectif EUP'!ME43 -> 35 | LX21: =IFERROR(LX23/LW23,0) -> 825.71429 | LZ21: ='Pilotage effectif EUP'!ME43*35 -> 1225 | MB21: =IF(LX21<>0,LZ21-LX21,0) -> 399.28571 | MC21: =MB21/35 -> 11.408163 | MD21: ='Pilotage effectif EUP'!ML43 -> 35 | ME21: =IFERROR(ME23/MD23,0) -> 825.71429 | MG21: ='Pilotage effectif EUP'!ML43*35 -> 1225 | MI21: =IF(ME21<>0,MG21-ME21,0) -> 399.28571 | MJ21: =MI21/35 -> 11.408163 | MK21: ='Pilotage effectif EUP'!MS43 -> 35 | ML21: =IFERROR(ML23/MK23,0) -> 825.71429 | MN21: ='Pilotage effectif EUP'!MS43*35 -> 1225 | MP21: =IF(ML21<>0,MN21-ML21,0) -> 399.28571 | MQ21: =MP21/35 -> 11.408163 | MR21: ='Pilotage effectif EUP'!MZ43 -> 35 | MS21: =IFERROR(MS23/MR23,0) -> 825.71429 | MU21: ='Pilotage effectif EUP'!MZ43*35 -> 1225 | MW21: =IF(MS21<>0,MU21-MS21,0) -> 399.28571 | MX21: =MW21/35 -> 11.408163 | MY21: ='Pilotage effectif EUP'!NG43 -> 35 | MZ21: =IFERROR(MZ23/MY23,0) -> 825.71429 | NB21: ='Pilotage effectif EUP'!NG43*35 -> 1225 | ND21: =IF(MZ21<>0,NB21-MZ21,0) -> 399.28571 | NE21: =ND21/35 -> 11.408163 | NF21: ='Pilotage effectif EUP'!NN43 -> 35 | NG21: =IFERROR(NG23/NF23,0) -> 825.71429 | NI21: ='Pilotage effectif EUP'!NN43*35 -> 1225 | NK21: =IF(NG21<>0,NI21-NG21,0) -> 399.28571 | NL21: =NK21/35 -> 11.408163 | NM21: ='Pilotage effectif EUP'!NU43 -> 35 | NN21: =IFERROR(NN23/NM23,0) -> 825.71429 | NP21: ='Pilotage effectif EUP'!NU43*35 -> 1225 | NR21: =IF(NN21<>0,NP21-NN21,0) -> 399.28571 | NS21: =NR21/35 -> 11.408163
F22: Cad. | G22: Pcs fdr | I22: Pcs théo | K22: ▲ | M22: Cad. | N22: Pcs fdr | P22: Pcs théo | R22: ▲ | T22: Cad. | U22: Pcs fdr | W22: Pcs théo | Y22: ▲ | AA22: Cad. | AB22: Pcs fdr | AD22: Pcs théo | AF22: ▲ | AH22: Cad. | AI22: Pcs fdr | AK22: Pcs théo | AM22: ▲ | AO22: Cad. | AP22: Pcs fdr | AR22: Pcs théo | AT22: ▲ | AV22: Cad. | AW22: Pcs fdr | AY22: Pcs théo | BA22: ▲ | BC22: Cad. | BD22: Pcs fdr | BF22: Pcs théo | BH22: ▲ | BJ22: Cad. | BK22: Pcs fdr | BM22: Pcs théo | BO22: ▲ | BQ22: Cad. | BR22: Pcs fdr | BT22: Pcs théo | BV22: ▲ | BX22: Cad. | BY22: Pcs fdr | CA22: Pcs théo | CC22: ▲ | CE22: Cad. | CF22: Pcs fdr | CH22: Pcs théo | CJ22: ▲ | CL22: Cad. | CM22: Pcs fdr | CO22: Pcs théo | CQ22: ▲ | CS22: Cad. | CT22: Pcs fdr | CV22: Pcs théo | CX22: ▲ | CZ22: Cad. | DA22: Pcs fdr | DC22: Pcs théo | DE22: ▲ | DG22: Cad. | DH22: Pcs fdr | DJ22: Pcs théo | DL22: ▲ | DN22: Cad. | DO22: Pcs fdr | DQ22: Pcs théo | DS22: ▲ | DU22: Cad. | DV22: Pcs fdr | DX22: Pcs théo | DZ22: ▲ | EB22: Cad. | EC22: Pcs fdr | EE22: Pcs théo | EG22: ▲ | EI22: Cad. | EJ22: Pcs fdr | EL22: Pcs théo | EN22: ▲ | EP22: Cad. | EQ22: Pcs fdr | ES22: Pcs théo | EU22: ▲ | EW22: Cad. | EX22: Pcs fdr | EZ22: Pcs théo | FB22: ▲ | FD22: Cad. | FE22: Pcs fdr | FG22: Pcs théo | FI22: ▲ | FK22: Cad. | FL22: Pcs fdr | FN22: Pcs théo | FP22: ▲ | FR22: Cad. | FS22: Pcs fdr | FU22: Pcs théo | FW22: ▲ | FY22: Cad. | FZ22: Pcs fdr | GB22: Pcs théo | GD22: ▲ | GF22: Cad. | GG22: Pcs fdr | GI22: Pcs théo | GK22: ▲ | GM22: Cad. | GN22: Pcs fdr | GP22: Pcs théo | GR22: ▲ | GT22: Cad. | GU22: Pcs fdr | GW22: Pcs théo | GY22: ▲ | HA22: Cad. | HB22: Pcs fdr | HD22: Pcs théo | HF22: ▲ | HH22: Cad. | HI22: Pcs fdr | HK22: Pcs théo | HM22: ▲ | HO22: Cad. | HP22: Pcs fdr | HR22: Pcs théo | HT22: ▲ | HV22: Cad. | HW22: Pcs fdr | HY22: Pcs théo | IA22: ▲ | IC22: Cad. | ID22: Pcs fdr | IF22: Pcs théo | IH22: ▲ | IJ22: Cad. | IK22: Pcs fdr | IM22: Pcs théo | IO22: ▲ | IQ22: Cad. | IR22: Pcs fdr | IT22: Pcs théo | IV22: ▲ | IX22: Cad. | IY22: Pcs fdr | JA22: Pcs théo | JC22: ▲ | JE22: Cad. | JF22: Pcs fdr | JH22: Pcs théo | JJ22: ▲ | JL22: Cad. | JM22: Pcs fdr | JO22: Pcs théo | JQ22: ▲ | JS22: Cad. | JT22: Pcs fdr | JV22: Pcs théo | JX22: ▲ | JZ22: Cad. | KA22: Pcs fdr | KC22: Pcs théo | KE22: ▲ | KG22: Cad. | KH22: Pcs fdr | KJ22: Pcs théo | KL22: ▲ | KN22: Cad. | KO22: Pcs fdr | KQ22: Pcs théo | KS22: ▲ | KU22: Cad. | KV22: Pcs fdr | KX22: Pcs théo | KZ22: ▲ | LB22: Cad. | LC22: Pcs fdr | LE22: Pcs théo | LG22: ▲ | LI22: Cad. | LJ22: Pcs fdr | LL22: Pcs théo | LN22: ▲ | LP22: Cad. | LQ22: Pcs fdr | LS22: Pcs théo | LU22: ▲ | LW22: Cad. | LX22: Pcs fdr | LZ22: Pcs théo | MB22: ▲ | MD22: Cad. | ME22: Pcs fdr | MG22: Pcs théo | MI22: ▲ | MK22: Cad. | ML22: Pcs fdr | MN22: Pcs théo | MP22: ▲ | MR22: Cad. | MS22: Pcs fdr | MU22: Pcs théo | MW22: ▲ | MY22: Cad. | MZ22: Pcs fdr | NB22: Pcs théo | ND22: ▲ | NF22: Cad. | NG22: Pcs fdr | NI22: Pcs théo | NK22: ▲ | NM22: Cad. | NN22: Pcs fdr | NP22: Pcs théo | NR22: ▲
F23: 330 | I23: =I21*F23 -> 404250 | K23: =IF(G23<>0,I23-G23,0) -> 0 | M23: 350 | P23: =P21*M23 -> 428750 | R23: =IF(N23<>0,P23-N23,0) -> 0 | T23: 355 | W23: =W21*T23 -> 477120 | Y23: =IF(U23<>0,W23-U23,0) -> 0 | AA23: 355 | AB23: 250000 | AD23: =AD21*AA23 -> 397600 | AF23: =IF(AB23<>0,AD23-AB23,0) -> 147600 | AH23: 355 | AI23: 290000 | AK23: =AK21*AH23 -> 372750 | AM23: =IF(AI23<>0,AK23-AI23,0) -> 82750 | AO23: 355 | AP23: 310000 | AR23: =AR21*AO23 -> 415350 | AT23: =IF(AP23<>0,AR23-AP23,0) -> 105350 | AV23: 355 | AW23: =AW19/AZ5 -> 321111.11 | AY23: =AY21*AV23 -> 385175 | BA23: =IF(AW23<>0,AY23-AW23,0) -> 64063.889 | BC23: 355 | BD23: =BD19/BG5 -> 309642.86 | BF23: =BF21*BC23 -> 385175 | BH23: =IF(BD23<>0,BF23-BD23,0) -> 75532.143 | BJ23: 300 | BK23: =BK19/BN5 -> 270937.5 | BM23: =BM21*BJ23 -> 325500 | BO23: =IF(BK23<>0,BM23-BK23,0) -> 54562.5 | BQ23: 300 | BR23: =BR19/BU5 -> 271481.48 | BT23: =BT21*BQ23 -> 336000 | BV23: =IF(BR23<>0,BT23-BR23,0) -> 64518.519 | BX23: 320 | BY23: =BY19/CB5 -> 309642.86 | CA23: =CA21*BX23 -> 369600 | CC23: =IF(BY23<>0,CA23-BY23,0) -> 59957.143 | CE23: 320 | CF23: 279273 | CH23: =CH21*CE23 -> 313600 | CJ23: =IF(CF23<>0,CH23-CF23,0) -> 34327 | CL23: 325 | CM23: =CM19/CP5 -> 279677.42 | CO23: =CO21*CL23 -> 318500 | CQ23: =IF(CM23<>0,CO23-CM23,0) -> 38822.581 | CS23: 320 | CT23: =CT19/CW5 -> 289000 | CV23: =CV21*CS23 -> 313600 | CX23: =IF(CT23<>0,CV23-CT23,0) -> 24600 | CZ23: 320 | DA23: =DA19/DD5 -> 298965.52 | DC23: =DC21*CZ23 -> 329280 | DE23: =IF(DA23<>0,DC23-DA23,0) -> 30314.483 | DG23: 325 | DH23: =DH19/DK5 -> 279677.42 | DJ23: =DJ21*DG23 -> 307125 | DL23: =IF(DH23<>0,DJ23-DH23,0) -> 27447.581 | DN23: 330 | DO23: =DO19/DR5 -> 241379.31 | DQ23: =DQ21*DN23 -> 311850 | DS23: =IF(DO23<>0,DQ23-DO23,0) -> 70470.69 | DU23: 340 | DV23: =DV19/DY5 -> 232258.06 | DX23: =DX21*DU23 -> 264180 | DZ23: =IF(DV23<>0,DX23-DV23,0) -> 31921.935 | EB23: 335 | EC23: =EC19/EF5 -> 311000 | EE23: =EE21*EB23 -> 288435 | EG23: =IF(EC23<>0,EE23-EC23,0) -> -22565 | EI23: 325 | EJ23: =EJ19/EM5 -> 289000 | EL23: =EL21*EI23 -> 307125 | EN23: =IF(EJ23<>0,EL23-EJ23,0) -> 18125 | EP23: 330 | EQ23: =EQ19/ET5 -> 333181.82 | ES23: =ES21*EP23 -> 346500 | EU23: =IF(EQ23<>0,ES23-EQ23,0) -> 13318.182 | EW23: 330 | EX23: =EX19/FA5 -> 289000 | EZ23: =EZ21*EW23 -> 311850 | FB23: =IF(EX23<>0,EZ23-EX23,0) -> 22850 | FD23: 330 | FE23: 300000 | FG23: =FG21*FD23 -> 323400 | FI23: =IF(FE23<>0,FG23-FE23,0) -> 23400 | FK23: 320 | FL23: 300000 | FN23: =FN21*FK23 -> 304512 | FP23: =IF(FL23<>0,FN23-FL23,0) -> 4512 | FR23: 330 | FS23: =FS19/FV5 -> 333333.33 | FU23: =FU21*FR23 -> 334950 | FW23: =IF(FS23<>0,FU23-FS23,0) -> 1616.6667 | FY23: 320 | FZ23: =FZ19/GC5 -> 333333.33 | GB23: =GB21*FY23 -> 329280 | GD23: =IF(FZ23<>0,GB23-FZ23,0) -> -4053.3333 | GF23: 320 | GG23: =GG19/GJ5 -> 333333.33 | GI23: =GI21*GF23 -> 291200 | GK23: =IF(GG23<>0,GI23-GG23,0) -> -42133.333 | GM23: 320 | GN23: =GN19/GQ5 -> 333333.33 | GP23: =GP21*GM23 -> 302400 | GR23: =IF(GN23<>0,GP23-GN23,0) -> -30933.333 | GT23: 320 | GU23: =GU19/GX5 -> 289000 | GW23: =GW21*GT23 -> 246400 | GY23: =IF(GU23<>0,GW23-GU23,0) -> -42600 | HA23: 320 | HB23: 290000 | HD23: =HD21*HA23 -> 235200 | HF23: =IF(HB23<>0,HD23-HB23,0) -> -54800 | HH23: 320 | HI23: 310000 | HK23: =HK21*HH23 -> 274560 | HM23: =IF(HI23<>0,HK23-HI23,0) -> -35440 | HO23: 320 | HP23: =HP19/HS5 -> 333333.33 | HR23: =HR21*HO23 -> 280000 | HT23: =IF(HP23<>0,HR23-HP23,0) -> -53333.333 | HV23: 320 | HW23: =HW19/HZ5 -> 333333.33 | HY23: =HY21*HV23 -> 291200 | IA23: =IF(HW23<>0,HY23-HW23,0) -> -42133.333 | IC23: 320 | ID23: =ID19/IG5 -> 333333.33 | IF23: =IF21*IC23 -> 268800 | IH23: =IF(ID23<>0,IF23-ID23,0) -> -64533.333 | IJ23: 300 | IK23: =IK19/IN5 -> 244333.33 | IM23: =IM21*IJ23 -> 273000 | IO23: =IF(IK23<>0,IM23-IK23,0) -> 28666.667 | IQ23: 320 | IR23: =IR19/IU5 -> 289000 | IT23: =IT21*IQ23 -> 291200 | IV23: =IF(IR23<>0,IT23-IR23,0) -> 2200 | IX23: 320 | IY23: 279273 | JA23: =JA21*IX23 -> 336000 | JC23: =IF(IY23<>0,JA23-IY23,0) -> 56727 | JE23: 325 | JF23: =JF19/JI5 -> 279677.42 | JH23: =JH21*JE23 -> 364000 | JJ23: =IF(JF23<>0,JH23-JF23,0) -> 84322.581 | JL23: 320 | JM23: =JM19/JP5 -> 289000 | JO23: =JO21*JL23 -> 380800 | JQ23: =IF(JM23<>0,JO23-JM23,0) -> 91800 | JS23: 320 | JT23: =JT19/JW5 -> 298965.52 | JV23: =JV21*JS23 -> 392000 | JX23: =IF(JT23<>0,JV23-JT23,0) -> 93034.483 | JZ23: 325 | KA23: =KA19/KD5 -> 279677.42 | KC23: =KC21*JZ23 -> 398125 | KE23: =IF(KA23<>0,KC23-KA23,0) -> 118447.58 | KG23: 330 | KH23: =KH19/KK5 -> 241379.31 | KJ23: =KJ21*KG23 -> 404250 | KL23: =IF(KH23<>0,KJ23-KH23,0) -> 162870.69 | KN23: 340 | KO23: =KO19/KR5 -> 232258.06 | KQ23: =KQ21*KN23 -> 416500 | KS23: =IF(KO23<>0,KQ23-KO23,0) -> 184241.94 | KU23: 335 | KV23: =KV19/KY5 -> 311000 | KX23: =KX21*KU23 -> 410375 | KZ23: =IF(KV23<>0,KX23-KV23,0) -> 99375 | LB23: 325 | LC23: =LC19/LF5 -> 289000 | LE23: =LE21*LB23 -> 398125 | LG23: =IF(LC23<>0,LE23-LC23,0) -> 109125 | LI23: 330 | LJ23: =LJ19/LM5 -> 333181.82 | LL23: =LL21*LI23 -> 404250 | LN23: =IF(LJ23<>0,LL23-LJ23,0) -> 71068.182 | LP23: 330 | LQ23: =LQ19/LT5 -> 289000 | LS23: =LS21*LP23 -> 404250 | LU23: =IF(LQ23<>0,LS23-LQ23,0) -> 115250 | LW23: 300 | LX23: =LX19/MA5 -> 247714.29 | LZ23: =LZ21*LW23 -> 367500 | MB23: =IF(LX23<>0,LZ23-LX23,0) -> 119785.71 | MD23: 300 | ME23: =ME19/MH5 -> 247714.29 | MG23: =MG21*MD23 -> 367500 | MI23: =IF(ME23<>0,MG23-ME23,0) -> 119785.71 | MK23: 300 | ML23: =ML19/MO5 -> 247714.29 | MN23: =MN21*MK23 -> 367500 | MP23: =IF(ML23<>0,MN23-ML23,0) -> 119785.71 | MR23: 300 | MS23: =MS19/MV5 -> 247714.29 | MU23: =MU21*MR23 -> 367500 | MW23: =IF(MS23<>0,MU23-MS23,0) -> 119785.71 | MY23: 300 | MZ23: =MZ19/NC5 -> 247714.29 | NB23: =NB21*MY23 -> 367500 | ND23: =IF(MZ23<>0,NB23-MZ23,0) -> 119785.71 | NF23: 300 | NG23: =NG19/NJ5 -> 247714.29 | NI23: =NI21*NF23 -> 367500 | NK23: =IF(NG23<>0,NI23-NG23,0) -> 119785.71 | NM23: 300 | NN23: =NN19/NQ5 -> 247714.29 | NP23: =NP21*NM23 -> 367500 | NR23: =IF(NN23<>0,NP23-NN23,0) -> 119785.71
DU24: 340 | KN24: 340
F25: Prod. | G25: Valeur obj. | M25: Prod. | N25: Valeur obj. | T25: Prod. | U25: Valeur obj. | AA25: Prod. | AB25: Valeur obj. | AH25: Prod. | AI25: Valeur obj. | AO25: Prod. | AP25: Valeur obj. | AV25: Prod. | AW25: Valeur obj. | BC25: Prod. | BD25: Valeur obj. | BJ25: Prod. | BK25: Valeur obj. | BQ25: Prod. | BR25: Valeur obj. | BX25: Prod. | BY25: Valeur obj. | CE25: Prod. | CF25: Valeur obj. | CL25: Prod. | CM25: Valeur obj. | CS25: Prod. | CT25: Valeur obj. | CZ25: Prod. | DA25: Valeur obj. | DG25: Prod. | DH25: Valeur obj. | DN25: Prod. | DO25: Valeur obj. | DU25: Prod. | DV25: Valeur obj. | EB25: Prod. | EC25: Valeur obj. | EI25: Prod. | EJ25: Valeur obj. | EP25: Prod. | EQ25: Valeur obj. | EW25: Prod. | EX25: Valeur obj. | FD25: Prod. | FE25: Valeur obj. | FK25: Prod. | FL25: Valeur obj. | FR25: Prod. | FS25: Valeur obj. | FY25: Prod. | FZ25: Valeur obj. | GF25: Prod. | GG25: Valeur obj. | GM25: Prod. | GN25: Valeur obj. | GT25: Prod. | GU25: Valeur obj. | HA25: Prod. | HB25: Valeur obj. | HH25: Prod. | HI25: Valeur obj. | HO25: Prod. | HP25: Valeur obj. | HV25: Prod. | HW25: Valeur obj. | IC25: Prod. | ID25: Valeur obj. | IJ25: Prod. | IK25: Valeur obj. | IQ25: Prod. | IR25: Valeur obj. | IX25: Prod. | IY25: Valeur obj. | JE25: Prod. | JF25: Valeur obj. | JL25: Prod. | JM25: Valeur obj. | JS25: Prod. | JT25: Valeur obj. | JZ25: Prod. | KA25: Valeur obj. | KG25: Prod. | KH25: Valeur obj. | KN25: Prod. | KO25: Valeur obj. | KU25: Prod. | KV25: Valeur obj. | LB25: Prod. | LC25: Valeur obj. | LI25: Prod. | LJ25: Valeur obj. | LP25: Prod. | LQ25: Valeur obj. | LW25: Prod. | LX25: Valeur obj. | MD25: Prod. | ME25: Valeur obj. | MK25: Prod. | ML25: Valeur obj. | MR25: Prod. | MS25: Valeur obj. | MY25: Prod. | MZ25: Valeur obj. | NF25: Prod. | NG25: Valeur obj. | NM25: Prod. | NN25: Valeur obj.
F26: 600 | G26: =ROUND(G$5/3,-3) -> 867000 | M26: 600 | N26: =ROUND(N$5/3,-3) -> 867000 | T26: 600 | U26: =ROUND(U$5/3,-3) -> 1000000 | AA26: 600 | AB26: =ROUND(AB$5/3,-3) -> 867000 | AH26: 600 | AI26: =ROUND(AI$5/3,-3) -> 867000 | AO26: 600 | AP26: =ROUND(AP$5/3,-3) -> 867000 | AV26: 600 | AW26: =ROUND(AW$5/3,-3) -> 867000 | BC26: 600 | BD26: =ROUND(BD$5/3,-3) -> 867000 | BJ26: 600 | BK26: =ROUND(BK$5/3,-3) -> 867000 | BQ26: 600 | BR26: =ROUND(BR$5/3,-3) -> 733000 | BX26: 600 | BY26: =ROUND(BY$5/3,-3) -> 867000 | CE26: 600 | CF26: =ROUND(CF$5/3,-3) -> 867000 | CL26: 600 | CM26: =ROUND(CM$5/3,-3) -> 867000 | CS26: 600 | CT26: =ROUND(CT$5/3,-3) -> 867000 | CZ26: 600 | DA26: =ROUND(DA$5/3,-3) -> 867000 | DG26: 600 | DH26: =ROUND(DH$5/3,-3) -> 867000 | DN26: 600 | DO26: =ROUND(DO$5/3,-3) -> 700000 | DU26: 600 | DV26: =ROUND(DV$5/3,-3) -> 720000 | EB26: 600 | EC26: =ROUND(EC$5/3,-3) -> 933000 | EI26: 600 | EJ26: =ROUND(EJ$5/3,-3) -> 867000 | EP26: 600 | EQ26: =ROUND(EQ$5/3,-3) -> 733000 | EW26: 600 | EX26: =ROUND(EX$5/3,-3) -> 867000 | FD26: 600 | FE26: =ROUND(FE$5/3,-3) -> 867000 | FK26: 600 | FL26: =ROUND(FL$5/3,-3) -> 867000 | FR26: 600 | FS26: =ROUND(FS$5/3,-3) -> 1000000 | FY26: 600 | FZ26: =ROUND(FZ$5/3,-3) -> 1000000 | GF26: 600 | GG26: =ROUND(GG$5/3,-3) -> 1000000 | GM26: 600 | GN26: =ROUND(GN$5/3,-3) -> 1000000 | GT26: 600 | GU26: =ROUND(GU$5/3,-3) -> 867000 | HA26: 600 | HB26: =ROUND(HB$5/3,-3) -> 1000000 | HH26: 600 | HI26: =ROUND(HI$5/3,-3) -> 1000000 | HO26: 600 | HP26: =ROUND(HP$5/3,-3) -> 1000000 | HV26: 600 | HW26: =ROUND(HW$5/3,-3) -> 1000000 | IC26: 600 | ID26: =ROUND(ID$5/3,-3) -> 1000000 | IJ26: 600 | IK26: =ROUND(IK$5/3,-3) -> 733000 | IQ26: 600 | IR26: =ROUND(IR$5/3,-3) -> 867000 | IX26: 600 | IY26: =ROUND(IY$5/3,-3) -> 867000 | JE26: 600 | JF26: =ROUND(JF$5/3,-3) -> 867000 | JL26: 600 | JM26: =ROUND(JM$5/3,-3) -> 867000 | JS26: 600 | JT26: =ROUND(JT$5/3,-3) -> 867000 | JZ26: 600 | KA26: =ROUND(KA$5/3,-3) -> 867000 | KG26: 600 | KH26: =ROUND(KH$5/3,-3) -> 700000 | KN26: 600 | KO26: =ROUND(KO$5/3,-3) -> 720000 | KU26: 600 | KV26: =ROUND(KV$5/3,-3) -> 933000 | LB26: 600 | LC26: =ROUND(LC$5/3,-3) -> 867000 | LI26: 600 | LJ26: =ROUND(LJ$5/3,-3) -> 733000 | LP26: 600 | LQ26: =ROUND(LQ$5/3,-3) -> 867000 | LW26: 600 | LX26: =ROUND(LX$5/3,-3) -> 867000 | MD26: 600 | ME26: =ROUND(ME$5/3,-3) -> 867000 | MK26: 600 | ML26: =ROUND(ML$5/3,-3) -> 867000 | MR26: 600 | MS26: =ROUND(MS$5/3,-3) -> 867000 | MY26: 600 | MZ26: =ROUND(MZ$5/3,-3) -> 867000 | NF26: 600 | NG26: =ROUND(NG$5/3,-3) -> 867000 | NM26: 600 | NN26: =ROUND(NN$5/3,-3) -> 867000
C27: CFP | F27: Eff. | G27: H besoin | I27: H aff. | K27: ▲ | M27: Eff. | N27: H besoin | P27: H aff. | R27: ▲ | T27: Eff. | U27: H besoin | W27: H aff. | Y27: ▲ | AA27: Eff. | AB27: H besoin | AD27: H aff. | AF27: ▲ | AH27: Eff. | AI27: H besoin | AK27: H aff. | AM27: ▲ | AO27: Eff. | AP27: H besoin | AR27: H aff. | AT27: ▲ | AV27: Eff. | AW27: H besoin | AY27: H aff. | BA27: ▲ | BC27: Eff. | BD27: H besoin | BF27: H aff. | BH27: ▲ | BJ27: Eff. | BK27: H besoin | BM27: H aff. | BO27: ▲ | BQ27: Eff. | BR27: H besoin | BT27: H aff. | BV27: ▲ | BX27: Eff. | BY27: H besoin | CA27: H aff. | CC27: ▲ | CE27: Eff. | CF27: H besoin | CH27: H aff. | CJ27: ▲ | CL27: Eff. | CM27: H besoin | CO27: H aff. | CQ27: ▲ | CS27: Eff. | CT27: H besoin | CV27: H aff. | CX27: ▲ | CZ27: Eff. | DA27: H besoin | DC27: H aff. | DE27: ▲ | DG27: Eff. | DH27: H besoin | DJ27: H aff. | DL27: ▲ | DN27: Eff. | DO27: H besoin | DQ27: H aff. | DS27: ▲ | DU27: Eff. | DV27: H besoin | DX27: H aff. | DZ27: ▲ | EB27: Eff. | EC27: H besoin | EE27: H aff. | EG27: ▲ | EI27: Eff. | EJ27: H besoin | EL27: H aff. | EN27: ▲ | EP27: Eff. | EQ27: H besoin | ES27: H aff. | EU27: ▲ | EW27: Eff. | EX27: H besoin | EZ27: H aff. | FB27: ▲ | FD27: Eff. | FE27: H besoin | FG27: H aff. | FI27: ▲ | FK27: Eff. | FL27: H besoin | FN27: H aff. | FP27: ▲ | FR27: Eff. | FS27: H besoin | FU27: H aff. | FW27: ▲ | FY27: Eff. | FZ27: H besoin | GB27: H aff. | GD27: ▲ | GF27: Eff. | GG27: H besoin | GI27: H aff. | GK27: ▲ | GM27: Eff. | GN27: H besoin | GP27: H aff. | GR27: ▲ | GT27: Eff. | GU27: H besoin | GW27: H aff. | GY27: ▲ | HA27: Eff. | HB27: H besoin | HD27: H aff. | HF27: ▲ | HH27: Eff. | HI27: H besoin | HK27: H aff. | HM27: ▲ | HO27: Eff. | HP27: H besoin | HR27: H aff. | HT27: ▲ | HV27: Eff. | HW27: H besoin | HY27: H aff. | IA27: ▲ | IC27: Eff. | ID27: H besoin | IF27: H aff. | IH27: ▲ | IJ27: Eff. | IK27: H besoin | IM27: H aff. | IO27: ▲ | IQ27: Eff. | IR27: H besoin | IT27: H aff. | IV27: ▲ | IX27: Eff. | IY27: H besoin | JA27: H aff. | JC27: ▲ | JE27: Eff. | JF27: H besoin | JH27: H aff. | JJ27: ▲ | JL27: Eff. | JM27: H besoin | JO27: H aff. | JQ27: ▲ | JS27: Eff. | JT27: H besoin | JV27: H aff. | JX27: ▲ | JZ27: Eff. | KA27: H besoin | KC27: H aff. | KE27: ▲ | KG27: Eff. | KH27: H besoin | KJ27: H aff. | KL27: ▲ | KN27: Eff. | KO27: H besoin | KQ27: H aff. | KS27: ▲ | KU27: Eff. | KV27: H besoin | KX27: H aff. | KZ27: ▲ | LB27: Eff. | LC27: H besoin | LE27: H aff. | LG27: ▲ | LI27: Eff. | LJ27: H besoin | LL27: H aff. | LN27: ▲ | LP27: Eff. | LQ27: H besoin | LS27: H aff. | LU27: ▲ | LW27: Eff. | LX27: H besoin | LZ27: H aff. | MB27: ▲ | MD27: Eff. | ME27: H besoin | MG27: H aff. | MI27: ▲ | MK27: Eff. | ML27: H besoin | MN27: H aff. | MP27: ▲ | MR27: Eff. | MS27: H besoin | MU27: H aff. | MW27: ▲ | MY27: Eff. | MZ27: H besoin | NB27: H aff. | ND27: ▲ | NF27: Eff. | NG27: H besoin | NI27: H aff. | NK27: ▲ | NM27: Eff. | NN27: H besoin | NP27: H aff. | NR27: ▲
F28: ='Pilotage effectif CFP'!N43 -> 35 | G28: =G30/F30 -> 0 | I28: ='Pilotage effectif CFP'!N43*35 -> 1225 | K28: =IF(G28<>0,I28-G28,0) -> 0 | L28: =K28/35 -> 0 | M28: ='Pilotage effectif CFP'!U43 -> 33.6 | N28: =N30/M30 -> 0 | P28: ='Pilotage effectif CFP'!U43*35 -> 1176 | R28: =IF(N28<>0,P28-N28,0) -> 0 | S28: =R28/35 -> 0 | T28: ='Pilotage effectif CFP'!AB43 -> 30 | U28: =U30/T30 -> 0 | W28: ='Pilotage effectif CFP'!AB43*42 -> 1260 | Y28: =IF(U28<>0,W28-U28,0) -> 0 | Z28: =Y28/35 -> 0 | AA28: ='Pilotage effectif CFP'!AI43 -> 28 | AB28: =AB30/AA30 -> 563.38028 | AD28: ='Pilotage effectif CFP'!AI43*35 -> 980 | AF28: =IF(AB28<>0,AD28-AB28,0) -> 416.61972 | AG28: =AF28/35 -> 11.903421 | AH28: ='Pilotage effectif CFP'!AP43 -> 28 | AI28: =IFERROR(AI30/AH30,0) -> 816.90141 | AK28: ='Pilotage effectif CFP'!AP43*35 -> 980 | AM28: =IF(AI28<>0,AK28-AI28,0) -> 163.09859 | AN28: =AM28/35 -> 4.6599598 | AO28: ='Pilotage effectif CFP'!AW43 -> 30 | AP28: =IFERROR(AP30/AO30,0) -> 909.85915 | AR28: ='Pilotage effectif CFP'!AW43*39 -> 1170 | AT28: =IF(AP28<>0,AR28-AP28,0) -> 260.14085 | AU28: =AT28/35 -> 7.4325956 | AV28: ='Pilotage effectif CFP'!BD43 -> 29 | AW28: =IFERROR(AW30/AV30,0) -> 904.53834 | AY28: ='Pilotage effectif CFP'!BD43*35 -> 1015 | BA28: =IF(AW28<>0,AY28-AW28,0) -> 110.46166 | BB28: =BA28/35 -> 3.1560474 | BC28: ='Pilotage effectif CFP'!BK43 -> 28 | BD28: =IFERROR(BD30/BC30,0) -> 872.2334 | BF28: ='Pilotage effectif CFP'!BK43*35 -> 980 | BH28: =IF(BD28<>0,BF28-BD28,0) -> 107.7666 | BI28: =BH28/35 -> 3.0790457 | BJ28: ='Pilotage effectif CFP'!BR43 -> 32 | BK28: =IFERROR(BK30/BJ30,0) -> 903.125 | BM28: ='Pilotage effectif CFP'!BR43*35 -> 1120 | BO28: =IF(BK28<>0,BM28-BK28,0) -> 216.875 | BP28: =BO28/35 -> 6.1964286 | BQ28: ='Pilotage effectif CFP'!BY43 -> 32 | BR28: =IFERROR(BR30/BQ30,0) -> 904.93827 | BT28: ='Pilotage effectif CFP'!BY43*35 -> 1120 | BV28: =IF(BR28<>0,BT28-BR28,0) -> 215.06173 | BW28: =BV28/35 -> 6.1446208 | BX28: ='Pilotage effectif CFP'!CF43 -> 30 | BY28: =IFERROR(BY30/BX30,0) -> 967.63393 | CA28: ='Pilotage effectif CFP'!CF43*35 -> 1050 | CC28: =IF(BY28<>0,CA28-BY28,0) -> 82.366071 | CD28: =CC28/35 -> 2.3533163 | CE28: ='Pilotage effectif CFP'!CM43 -> 28 | CF28: =IFERROR(CF30/CE30,0) -> 545.19375 | CH28: ='Pilotage effectif CFP'!CM43*35 -> 980 | CJ28: =IF(CF28<>0,CH28-CF28,0) -> 434.80625 | CK28: =CJ28/35 -> 12.423036 | CL28: ='Pilotage effectif CFP'!CT43 -> 31 | CM28: =IFERROR(CM30/CL30,0) -> 860.54591 | CO28: ='Pilotage effectif CFP'!CT43*35 -> 1085 | CQ28: =IF(CM28<>0,CO28-CM28,0) -> 224.45409 | CR28: =CQ28/35 -> 6.4129741 | CS28: ='Pilotage effectif CFP'!DA43 -> 32 | CT28: =IFERROR(CT30/CS30,0) -> 903.125 | CV28: ='Pilotage effectif CFP'!DA43*35 -> 1120 | CX28: =IF(CT28<>0,CV28-CT28,0) -> 216.875 | CY28: =CX28/35 -> 6.1964286 | CZ28: ='Pilotage effectif CFP'!DH43 -> 29 | DA28: =IFERROR(DA30/CZ30,0) -> 934.26724 | DC28: ='Pilotage effectif CFP'!DH43*35 -> 1015 | DE28: =IF(DA28<>0,DC28-DA28,0) -> 80.732759 | DF28: =DE28/35 -> 2.3066502 | DG28: ='Pilotage effectif CFP'!DO43 -> 23 | DH28: =IFERROR(DH30/DG30,0) -> 860.54591 | DJ28: ='Pilotage effectif CFP'!DO43*35 -> 805 | DL28: =IF(DH28<>0,DJ28-DH28,0) -> -55.545906 | DM28: =DL28/35 -> -1.5870259 | DN28: ='Pilotage effectif CFP'!DV43 -> 24.8 | DO28: =IFERROR(DO30/DN30,0) -> 731.45246 | DQ28: ='Pilotage effectif CFP'!DV43*35 -> 868 | DS28: =IF(DO28<>0,DQ28-DO28,0) -> 136.54754 | DT28: =DS28/35 -> 3.9013584 | DU28: ='Pilotage effectif CFP'!EC43 -> 24.8 | DV28: =IFERROR(DV30/DU30,0) -> 683.11195 | DX28: ='Pilotage effectif CFP'!EC43*35 -> 868 | DZ28: =IF(DV28<>0,DX28-DV28,0) -> 184.88805 | EA28: =DZ28/35 -> 5.2825156 | EB28: ='Pilotage effectif CFP'!EJ43 -> 28 | EC28: =IFERROR(EC30/EB30,0) -> 928.35821 | EE28: ='Pilotage effectif CFP'!EJ43*35 -> 980 | EG28: =IF(EC28<>0,EE28-EC28,0) -> 51.641791 | EH28: =EG28/35 -> 1.4754797 | EI28: ='Pilotage effectif CFP'!EQ43 -> 29 | EJ28: =IFERROR(EJ30/EI30,0) -> 889.23077 | EL28: ='Pilotage effectif CFP'!EQ43*35 -> 1015 | EN28: =IF(EJ28<>0,EL28-EJ28,0) -> 125.76923 | EO28: =EN28/35 -> 3.5934066 | EP28: ='Pilotage effectif CFP'!EX43 -> 30 | EQ28: =IFERROR(EQ30/EP30,0) -> 1009.6419 | ES28: ='Pilotage effectif CFP'!EX43*35 -> 1050 | EU28: =IF(EQ28<>0,ES28-EQ28,0) -> 40.358127 | EV28: =EU28/35 -> 1.1530893 | EW28: ='Pilotage effectif CFP'!FE43 -> 29 | EX28: =IFERROR(EX30/EW30,0) -> 875.75758 | EZ28: ='Pilotage effectif CFP'!FE43*35 -> 1015 | FB28: =IF(EX28<>0,EZ28-EX28,0) -> 139.24242 | FC28: =FB28/35 -> 3.978355 | FD28: ='Pilotage effectif CFP'!FL43 -> 29 | FE28: =IFERROR(FE30/FD30,0) -> 909.09091 | FG28: ='Pilotage effectif CFP'!FL43*35 -> 1015 | FI28: =IF(FE28<>0,FG28-FE28,0) -> 105.90909 | FJ28: =FI28/35 -> 3.025974 | FK28: ='Pilotage effectif CFP'!FS43 -> 24.8 | FL28: =IFERROR(FL30/FK30,0) -> 937.5 | FN28: ='Pilotage effectif CFP'!FS43*39 -> 967.2 | FP28: =IF(FL28<>0,FN28-FL28,0) -> 29.7 | FQ28: =FP28/35 -> 0.84857143 | FR28: ='Pilotage effectif CFP'!FZ43 -> 29 | FS28: =IFERROR(FS30/FR30,0) -> 1010.101 | FU28: ='Pilotage effectif CFP'!FZ43*35 -> 1015 | FW28: =IF(FS28<>0,FU28-FS28,0) -> 4.8989899 | FX28: =FW28/35 -> 0.13997114 | FY28: ='Pilotage effectif CFP'!GG43 -> 29 | FZ28: =IFERROR(FZ30/FY30,0) -> 1041.6667 | GB28: ='Pilotage effectif CFP'!GG43*35 -> 1015 | GD28: =IF(FZ28<>0,GB28-FZ28,0) -> -26.666667 | GE28: =GD28/35 -> -0.76190476 | GF28: ='Pilotage effectif CFP'!GN43 -> 29 | GG28: =IFERROR(GG30/GF30,0) -> 1041.6667 | GI28: ='Pilotage effectif CFP'!GN43*35 -> 1015 | GK28: =IF(GG28<>0,GI28-GG28,0) -> -26.666667 | GL28: =GK28/35 -> -0.76190476 | GM28: ='Pilotage effectif CFP'!GU43 -> 27 | GN28: =IFERROR(GN30/GM30,0) -> 1041.6667 | GP28: ='Pilotage effectif CFP'!GU43*35 -> 945 | GR28: =IF(GN28<>0,GP28-GN28,0) -> -96.666667 | GS28: =GR28/35 -> -2.7619048 | GT28: ='Pilotage effectif CFP'!HB43 -> 19.2 | GU28: =IFERROR(GU30/GT30,0) -> 903.125 | GW28: ='Pilotage effectif CFP'!HB43*35 -> 672 | GY28: =IF(GU28<>0,GW28-GU28,0) -> -231.125 | GZ28: =GY28/35 -> -6.6035714 | HA28: ='Pilotage effectif CFP'!HI43 -> 25 | HB28: =IFERROR(HB30/HA30,0) -> 906.25 | HD28: ='Pilotage effectif CFP'!HI43*35 -> 875 | HF28: =IF(HB28<>0,HD28-HB28,0) -> -31.25 | HG28: =HF28/35 -> -0.89285714 | HH28: ='Pilotage effectif CFP'!HP43 -> 23 | HI28: =IFERROR(HI30/HH30,0) -> 1009.375 | HK28: ='Pilotage effectif CFP'!HP43*39 -> 897 | HM28: =IF(HI28<>0,HK28-HI28,0) -> -112.375 | HN28: =HM28/35 -> -3.2107143 | HO28: ='Pilotage effectif CFP'!HW43 -> 22 | HP28: =IFERROR(HP30/HO30,0) -> 1041.6667 | HR28: ='Pilotage effectif CFP'!HW43*35 -> 770 | HT28: =IF(HP28<>0,HR28-HP28,0) -> -271.66667 | HU28: =HT28/35 -> -7.7619048 | HV28: ='Pilotage effectif CFP'!ID43 -> 22 | HW28: =IFERROR(HW30/HV30,0) -> 1041.6667 | HY28: ='Pilotage effectif CFP'!ID43*35 -> 770 | IA28: =IF(HW28<>0,HY28-HW28,0) -> -271.66667 | IB28: =IA28/35 -> -7.7619048 | IC28: ='Pilotage effectif CFP'!IK43 -> 26 | ID28: =IFERROR(ID30/IC30,0) -> 1041.6667 | IF28: ='Pilotage effectif CFP'!IK43*35 -> 910 | IH28: =IF(ID28<>0,IF28-ID28,0) -> -131.66667 | II28: =IH28/35 -> -3.7619048 | IJ28: ='Pilotage effectif CFP'!IR43 -> 29 | IK28: =IFERROR(IK30/IJ30,0) -> 814.44444 | IM28: ='Pilotage effectif CFP'!IR43*35 -> 1015 | IO28: =IF(IK28<>0,IM28-IK28,0) -> 200.55556 | IP28: =IO28/35 -> 5.7301587 | IQ28: ='Pilotage effectif CFP'!IY43 -> 30 | IR28: =IFERROR(IR30/IQ30,0) -> 903.125 | IT28: ='Pilotage effectif CFP'!IY43*35 -> 1050 | IV28: =IF(IR28<>0,IT28-IR28,0) -> 146.875 | IW28: =IV28/35 -> 4.1964286 | IX28: ='Pilotage effectif CFP'!JF43 -> 28 | IY28: =IFERROR(IY30/IX30,0) -> 545.19375 | JA28: ='Pilotage effectif CFP'!JF43*35 -> 980 | JC28: =IF(IY28<>0,JA28-IY28,0) -> 434.80625 | JD28: =JC28/35 -> 12.423036 | JE28: ='Pilotage effectif CFP'!JM43 -> 32 | JF28: =IFERROR(JF30/JE30,0) -> 860.54591 | JH28: ='Pilotage effectif CFP'!JM43*35 -> 1120 | JJ28: =IF(JF28<>0,JH28-JF28,0) -> 259.45409 | JK28: =JJ28/35 -> 7.4129741 | JL28: ='Pilotage effectif CFP'!JT43 -> 34 | JM28: =IFERROR(JM30/JL30,0) -> 903.125 | JO28: ='Pilotage effectif CFP'!JT43*35 -> 1190 | JQ28: =IF(JM28<>0,JO28-JM28,0) -> 286.875 | JR28: =JQ28/35 -> 8.1964286 | JS28: ='Pilotage effectif CFP'!KA43 -> 35 | JT28: =IFERROR(JT30/JS30,0) -> 934.26724 | JV28: ='Pilotage effectif CFP'!KA43*35 -> 1225 | JX28: =IF(JT28<>0,JV28-JT28,0) -> 290.73276 | JY28: =JX28/35 -> 8.3066502 | JZ28: ='Pilotage effectif CFP'!KH43 -> 35 | KA28: =IFERROR(KA30/JZ30,0) -> 860.54591 | KC28: ='Pilotage effectif CFP'!KH43*35 -> 1225 | KE28: =IF(KA28<>0,KC28-KA28,0) -> 364.45409 | KF28: =KE28/35 -> 10.412974 | KG28: ='Pilotage effectif CFP'!KO43 -> 35 | KH28: =IFERROR(KH30/KG30,0) -> 731.45246 | KJ28: ='Pilotage effectif CFP'!KO43*35 -> 1225 | KL28: =IF(KH28<>0,KJ28-KH28,0) -> 493.54754 | KM28: =KL28/35 -> 14.101358 | KN28: ='Pilotage effectif CFP'!KV43 -> 35 | KO28: =IFERROR(KO30/KN30,0) -> 683.11195 | KQ28: ='Pilotage effectif CFP'!KV43*35 -> 1225 | KS28: =IF(KO28<>0,KQ28-KO28,0) -> 541.88805 | KT28: =KS28/35 -> 15.482516 | KU28: ='Pilotage effectif CFP'!LC43 -> 35 | KV28: =IFERROR(KV30/KU30,0) -> 928.35821 | KX28: ='Pilotage effectif CFP'!LC43*35 -> 1225 | KZ28: =IF(KV28<>0,KX28-KV28,0) -> 296.64179 | LA28: =KZ28/35 -> 8.4754797 | LB28: ='Pilotage effectif CFP'!LJ43 -> 35 | LC28: =IFERROR(LC30/LB30,0) -> 889.23077 | LE28: ='Pilotage effectif CFP'!LJ43*35 -> 1225 | LG28: =IF(LC28<>0,LE28-LC28,0) -> 335.76923 | LH28: =LG28/35 -> 9.5934066 | LI28: ='Pilotage effectif CFP'!LQ43 -> 35 | LJ28: =IFERROR(LJ30/LI30,0) -> 1009.6419 | LL28: ='Pilotage effectif CFP'!LQ43*35 -> 1225 | LN28: =IF(LJ28<>0,LL28-LJ28,0) -> 215.35813 | LO28: =LN28/35 -> 6.1530893 | LP28: ='Pilotage effectif CFP'!LX43 -> 35 | LQ28: =IFERROR(LQ30/LP30,0) -> 875.75758 | LS28: ='Pilotage effectif CFP'!LX43*35 -> 1225 | LU28: =IF(LQ28<>0,LS28-LQ28,0) -> 349.24242 | LV28: =LU28/35 -> 9.978355 | LW28: ='Pilotage effectif CFP'!ME43 -> 35 | LX28: =IFERROR(LX30/LW30,0) -> 825.71429 | LZ28: ='Pilotage effectif CFP'!ME43*35 -> 1225 | MB28: =IF(LX28<>0,LZ28-LX28,0) -> 399.28571 | MC28: =MB28/35 -> 11.408163 | MD28: ='Pilotage effectif CFP'!ML43 -> 35 | ME28: =IFERROR(ME30/MD30,0) -> 825.71429 | MG28: ='Pilotage effectif CFP'!ML43*35 -> 1225 | MI28: =IF(ME28<>0,MG28-ME28,0) -> 399.28571 | MJ28: =MI28/35 -> 11.408163 | MK28: ='Pilotage effectif CFP'!MS43 -> 35 | ML28: =IFERROR(ML30/MK30,0) -> 825.71429 | MN28: ='Pilotage effectif CFP'!MS43*35 -> 1225 | MP28: =IF(ML28<>0,MN28-ML28,0) -> 399.28571 | MQ28: =MP28/35 -> 11.408163 | MR28: ='Pilotage effectif CFP'!MZ43 -> 35 | MS28: =IFERROR(MS30/MR30,0) -> 825.71429 | MU28: ='Pilotage effectif CFP'!MZ43*35 -> 1225 | MW28: =IF(MS28<>0,MU28-MS28,0) -> 399.28571 | MX28: =MW28/35 -> 11.408163 | MY28: ='Pilotage effectif CFP'!NG43 -> 35 | MZ28: =IFERROR(MZ30/MY30,0) -> 825.71429 | NB28: ='Pilotage effectif CFP'!NG43*35 -> 1225 | ND28: =IF(MZ28<>0,NB28-MZ28,0) -> 399.28571 | NE28: =ND28/35 -> 11.408163 | NF28: ='Pilotage effectif CFP'!NN43 -> 35 | NG28: =IFERROR(NG30/NF30,0) -> 825.71429 | NI28: ='Pilotage effectif CFP'!NN43*35 -> 1225 | NK28: =IF(NG28<>0,NI28-NG28,0) -> 399.28571 | NL28: =NK28/35 -> 11.408163 | NM28: ='Pilotage effectif CFP'!NU43 -> 35 | NN28: =IFERROR(NN30/NM30,0) -> 825.71429 | NP28: ='Pilotage effectif CFP'!NU43*35 -> 1225 | NR28: =IF(NN28<>0,NP28-NN28,0) -> 399.28571 | NS28: =NR28/35 -> 11.408163
F29: Cad. | G29: Pcs fdr | I29: Pcs théo | K29: ▲ | M29: Cad. | N29: Pcs fdr | P29: Pcs théo | R29: ▲ | T29: Cad. | U29: Pcs fdr | W29: Pcs théo | Y29: ▲ | AA29: Cad. | AB29: Pcs fdr | AD29: Pcs théo | AF29: ▲ | AH29: Cad. | AI29: Pcs fdr | AK29: Pcs théo | AM29: ▲ | AO29: Cad. | AP29: Pcs fdr | AR29: Pcs théo | AT29: ▲ | AV29: Cad. | AW29: Pcs fdr | AY29: Pcs théo | BA29: ▲ | BC29: Cad. | BD29: Pcs fdr | BF29: Pcs théo | BH29: ▲ | BJ29: Cad. | BK29: Pcs fdr | BM29: Pcs théo | BO29: ▲ | BQ29: Cad. | BR29: Pcs fdr | BT29: Pcs théo | BV29: ▲ | BX29: Cad. | BY29: Pcs fdr | CA29: Pcs théo | CC29: ▲ | CE29: Cad. | CF29: Pcs fdr | CH29: Pcs théo | CJ29: ▲ | CL29: Cad. | CM29: Pcs fdr | CO29: Pcs théo | CQ29: ▲ | CS29: Cad. | CT29: Pcs fdr | CV29: Pcs théo | CX29: ▲ | CZ29: Cad. | DA29: Pcs fdr | DC29: Pcs théo | DE29: ▲ | DG29: Cad. | DH29: Pcs fdr | DJ29: Pcs théo | DL29: ▲ | DN29: Cad. | DO29: Pcs fdr | DQ29: Pcs théo | DS29: ▲ | DU29: Cad. | DV29: Pcs fdr | DX29: Pcs théo | DZ29: ▲ | EB29: Cad. | EC29: Pcs fdr | EE29: Pcs théo | EG29: ▲ | EI29: Cad. | EJ29: Pcs fdr | EL29: Pcs théo | EN29: ▲ | EP29: Cad. | EQ29: Pcs fdr | ES29: Pcs théo | EU29: ▲ | EW29: Cad. | EX29: Pcs fdr | EZ29: Pcs théo | FB29: ▲ | FD29: Cad. | FE29: Pcs fdr | FG29: Pcs théo | FI29: ▲ | FK29: Cad. | FL29: Pcs fdr | FN29: Pcs théo | FP29: ▲ | FR29: Cad. | FS29: Pcs fdr | FU29: Pcs théo | FW29: ▲ | FY29: Cad. | FZ29: Pcs fdr | GB29: Pcs théo | GD29: ▲ | GF29: Cad. | GG29: Pcs fdr | GI29: Pcs théo | GK29: ▲ | GM29: Cad. | GN29: Pcs fdr | GP29: Pcs théo | GR29: ▲ | GT29: Cad. | GU29: Pcs fdr | GW29: Pcs théo | GY29: ▲ | HA29: Cad. | HB29: Pcs fdr | HD29: Pcs théo | HF29: ▲ | HH29: Cad. | HI29: Pcs fdr | HK29: Pcs théo | HM29: ▲ | HO29: Cad. | HP29: Pcs fdr | HR29: Pcs théo | HT29: ▲ | HV29: Cad. | HW29: Pcs fdr | HY29: Pcs théo | IA29: ▲ | IC29: Cad. | ID29: Pcs fdr | IF29: Pcs théo | IH29: ▲ | IJ29: Cad. | IK29: Pcs fdr | IM29: Pcs théo | IO29: ▲ | IQ29: Cad. | IR29: Pcs fdr | IT29: Pcs théo | IV29: ▲ | IX29: Cad. | IY29: Pcs fdr | JA29: Pcs théo | JC29: ▲ | JE29: Cad. | JF29: Pcs fdr | JH29: Pcs théo | JJ29: ▲ | JL29: Cad. | JM29: Pcs fdr | JO29: Pcs théo | JQ29: ▲ | JS29: Cad. | JT29: Pcs fdr | JV29: Pcs théo | JX29: ▲ | JZ29: Cad. | KA29: Pcs fdr | KC29: Pcs théo | KE29: ▲ | KG29: Cad. | KH29: Pcs fdr | KJ29: Pcs théo | KL29: ▲ | KN29: Cad. | KO29: Pcs fdr | KQ29: Pcs théo | KS29: ▲ | KU29: Cad. | KV29: Pcs fdr | KX29: Pcs théo | KZ29: ▲ | LB29: Cad. | LC29: Pcs fdr | LE29: Pcs théo | LG29: ▲ | LI29: Cad. | LJ29: Pcs fdr | LL29: Pcs théo | LN29: ▲ | LP29: Cad. | LQ29: Pcs fdr | LS29: Pcs théo | LU29: ▲ | LW29: Cad. | LX29: Pcs fdr | LZ29: Pcs théo | MB29: ▲ | MD29: Cad. | ME29: Pcs fdr | MG29: Pcs théo | MI29: ▲ | MK29: Cad. | ML29: Pcs fdr | MN29: Pcs théo | MP29: ▲ | MR29: Cad. | MS29: Pcs fdr | MU29: Pcs théo | MW29: ▲ | MY29: Cad. | MZ29: Pcs fdr | NB29: Pcs théo | ND29: ▲ | NF29: Cad. | NG29: Pcs fdr | NI29: Pcs théo | NK29: ▲ | NM29: Cad. | NN29: Pcs fdr | NP29: Pcs théo | NR29: ▲
F30: 330 | I30: =I28*F30 -> 404250 | K30: =IF(G30<>0,I30-G30,0) -> 0 | M30: 350 | P30: =P28*M30 -> 411600 | R30: =IF(N30<>0,P30-N30,0) -> 0 | T30: 355 | W30: =W28*T30 -> 447300 | Y30: =IF(U30<>0,W30-U30,0) -> 0 | AA30: 355 | AB30: 200000 | AD30: =AD28*AA30 -> 347900 | AF30: =IF(AB30<>0,AD30-AB30,0) -> 147900 | AH30: 355 | AI30: 290000 | AK30: =AK28*AH30 -> 347900 | AM30: =IF(AI30<>0,AK30-AI30,0) -> 57900 | AO30: 355 | AP30: 323000 | AR30: =AR28*AO30 -> 415350 | AT30: =IF(AP30<>0,AR30-AP30,0) -> 92350 | AV30: 355 | AW30: =AW26/AZ5 -> 321111.11 | AY30: =AY28*AV30 -> 360325 | BA30: =IF(AW30<>0,AY30-AW30,0) -> 39213.889 | BC30: 355 | BD30: =BD26/BG5 -> 309642.86 | BF30: =BF28*BC30 -> 347900 | BH30: =IF(BD30<>0,BF30-BD30,0) -> 38257.143 | BJ30: 300 | BK30: =BK26/BN5 -> 270937.5 | BM30: =BM28*BJ30 -> 336000 | BO30: =IF(BK30<>0,BM30-BK30,0) -> 65062.5 | BQ30: 300 | BR30: =BR26/BU5 -> 271481.48 | BT30: =BT28*BQ30 -> 336000 | BV30: =IF(BR30<>0,BT30-BR30,0) -> 64518.519 | BX30: 320 | BY30: =BY26/CB5 -> 309642.86 | CA30: =CA28*BX30 -> 336000 | CC30: =IF(BY30<>0,CA30-BY30,0) -> 26357.143 | CE30: 320 | CF30: 174462 | CH30: =CH28*CE30 -> 313600 | CJ30: =IF(CF30<>0,CH30-CF30,0) -> 139138 | CL30: 325 | CM30: =CM26/CP5 -> 279677.42 | CO30: =CO28*CL30 -> 352625 | CQ30: =IF(CM30<>0,CO30-CM30,0) -> 72947.581 | CS30: 320 | CT30: =CT26/CW5 -> 289000 | CV30: =CV28*CS30 -> 358400 | CX30: =IF(CT30<>0,CV30-CT30,0) -> 69400 | CZ30: 320 | DA30: =DA26/DD5 -> 298965.52 | DC30: =DC28*CZ30 -> 324800 | DE30: =IF(DA30<>0,DC30-DA30,0) -> 25834.483 | DG30: 325 | DH30: =DH26/DK5 -> 279677.42 | DJ30: =DJ28*DG30 -> 261625 | DL30: =IF(DH30<>0,DJ30-DH30,0) -> -18052.419 | DN30: 330 | DO30: =DO26/DR5 -> 241379.31 | DQ30: =DQ28*DN30 -> 286440 | DS30: =IF(DO30<>0,DQ30-DO30,0) -> 45060.69 | DU30: 340 | DV30: =DV26/DY5 -> 232258.06 | DX30: =DX28*DU30 -> 295120 | DZ30: =IF(DV30<>0,DX30-DV30,0) -> 62861.935 | EB30: 335 | EC30: =EC26/EF5 -> 311000 | EE30: =EE28*EB30 -> 328300 | EG30: =IF(EC30<>0,EE30-EC30,0) -> 17300 | EI30: 325 | EJ30: =EJ26/EM5 -> 289000 | EL30: =EL28*EI30 -> 329875 | EN30: =IF(EJ30<>0,EL30-EJ30,0) -> 40875 | EP30: 330 | EQ30: =EQ26/ET5 -> 333181.82 | ES30: =ES28*EP30 -> 346500 | EU30: =IF(EQ30<>0,ES30-EQ30,0) -> 13318.182 | EW30: 330 | EX30: =EX26/FA5 -> 289000 | EZ30: =EZ28*EW30 -> 334950 | FB30: =IF(EX30<>0,EZ30-EX30,0) -> 45950 | FD30: 330 | FE30: 300000 | FG30: =FG28*FD30 -> 334950 | FI30: =IF(FE30<>0,FG30-FE30,0) -> 34950 | FK30: 320 | FL30: 300000 | FN30: =FN28*FK30 -> 309504 | FP30: =IF(FL30<>0,FN30-FL30,0) -> 9504 | FR30: 330 | FS30: =FS26/FV5 -> 333333.33 | FU30: =FU28*FR30 -> 334950 | FW30: =IF(FS30<>0,FU30-FS30,0) -> 1616.6667 | FY30: 320 | FZ30: =FZ26/GC5 -> 333333.33 | GB30: =GB28*FY30 -> 324800 | GD30: =IF(FZ30<>0,GB30-FZ30,0) -> -8533.3333 | GF30: 320 | GG30: =GG26/GJ5 -> 333333.33 | GI30: =GI28*GF30 -> 324800 | GK30: =IF(GG30<>0,GI30-GG30,0) -> -8533.3333 | GM30: 320 | GN30: =GN26/GQ5 -> 333333.33 | GP30: =GP28*GM30 -> 302400 | GR30: =IF(GN30<>0,GP30-GN30,0) -> -30933.333 | GT30: 320 | GU30: =GU26/GX5 -> 289000 | GW30: =GW28*GT30 -> 215040 | GY30: =IF(GU30<>0,GW30-GU30,0) -> -73960 | HA30: 320 | HB30: 290000 | HD30: =HD28*HA30 -> 280000 | HF30: =IF(HB30<>0,HD30-HB30,0) -> -10000 | HH30: 320 | HI30: 323000 | HK30: =HK28*HH30 -> 287040 | HM30: =IF(HI30<>0,HK30-HI30,0) -> -35960 | HO30: 320 | HP30: =HP26/HS5 -> 333333.33 | HR30: =HR28*HO30 -> 246400 | HT30: =IF(HP30<>0,HR30-HP30,0) -> -86933.333 | HV30: 320 | HW30: =HW26/HZ5 -> 333333.33 | HY30: =HY28*HV30 -> 246400 | IA30: =IF(HW30<>0,HY30-HW30,0) -> -86933.333 | IC30: 320 | ID30: =ID26/IG5 -> 333333.33 | IF30: =IF28*IC30 -> 291200 | IH30: =IF(ID30<>0,IF30-ID30,0) -> -42133.333 | IJ30: 300 | IK30: =IK26/IN5 -> 244333.33 | IM30: =IM28*IJ30 -> 304500 | IO30: =IF(IK30<>0,IM30-IK30,0) -> 60166.667 | IQ30: 320 | IR30: =IR26/IU5 -> 289000 | IT30: =IT28*IQ30 -> 336000 | IV30: =IF(IR30<>0,IT30-IR30,0) -> 47000 | IX30: 320 | IY30: 174462 | JA30: =JA28*IX30 -> 313600 | JC30: =IF(IY30<>0,JA30-IY30,0) -> 139138 | JE30: 325 | JF30: =JF26/JI5 -> 279677.42 | JH30: =JH28*JE30 -> 364000 | JJ30: =IF(JF30<>0,JH30-JF30,0) -> 84322.581 | JL30: 320 | JM30: =JM26/JP5 -> 289000 | JO30: =JO28*JL30 -> 380800 | JQ30: =IF(JM30<>0,JO30-JM30,0) -> 91800 | JS30: 320 | JT30: =JT26/JW5 -> 298965.52 | JV30: =JV28*JS30 -> 392000 | JX30: =IF(JT30<>0,JV30-JT30,0) -> 93034.483 | JZ30: 325 | KA30: =KA26/KD5 -> 279677.42 | KC30: =KC28*JZ30 -> 398125 | KE30: =IF(KA30<>0,KC30-KA30,0) -> 118447.58 | KG30: 330 | KH30: =KH26/KK5 -> 241379.31 | KJ30: =KJ28*KG30 -> 404250 | KL30: =IF(KH30<>0,KJ30-KH30,0) -> 162870.69 | KN30: 340 | KO30: =KO26/KR5 -> 232258.06 | KQ30: =KQ28*KN30 -> 416500 | KS30: =IF(KO30<>0,KQ30-KO30,0) -> 184241.94 | KU30: 335 | KV30: =KV26/KY5 -> 311000 | KX30: =KX28*KU30 -> 410375 | KZ30: =IF(KV30<>0,KX30-KV30,0) -> 99375 | LB30: 325 | LC30: =LC26/LF5 -> 289000 | LE30: =LE28*LB30 -> 398125 | LG30: =IF(LC30<>0,LE30-LC30,0) -> 109125 | LI30: 330 | LJ30: =LJ26/LM5 -> 333181.82 | LL30: =LL28*LI30 -> 404250 | LN30: =IF(LJ30<>0,LL30-LJ30,0) -> 71068.182 | LP30: 330 | LQ30: =LQ26/LT5 -> 289000 | LS30: =LS28*LP30 -> 404250 | LU30: =IF(LQ30<>0,LS30-LQ30,0) -> 115250 | LW30: 300 | LX30: =LX26/MA5 -> 247714.29 | LZ30: =LZ28*LW30 -> 367500 | MB30: =IF(LX30<>0,LZ30-LX30,0) -> 119785.71 | MD30: 300 | ME30: =ME26/MH5 -> 247714.29 | MG30: =MG28*MD30 -> 367500 | MI30: =IF(ME30<>0,MG30-ME30,0) -> 119785.71 | MK30: 300 | ML30: =ML26/MO5 -> 247714.29 | MN30: =MN28*MK30 -> 367500 | MP30: =IF(ML30<>0,MN30-ML30,0) -> 119785.71 | MR30: 300 | MS30: =MS26/MV5 -> 247714.29 | MU30: =MU28*MR30 -> 367500 | MW30: =IF(MS30<>0,MU30-MS30,0) -> 119785.71 | MY30: 300 | MZ30: =MZ26/NC5 -> 247714.29 | NB30: =NB28*MY30 -> 367500 | ND30: =IF(MZ30<>0,NB30-MZ30,0) -> 119785.71 | NF30: 300 | NG30: =NG26/NJ5 -> 247714.29 | NI30: =NI28*NF30 -> 367500 | NK30: =IF(NG30<>0,NI30-NG30,0) -> 119785.71 | NM30: 300 | NN30: =NN26/NQ5 -> 247714.29 | NP30: =NP28*NM30 -> 367500 | NR30: =IF(NN30<>0,NP30-NN30,0) -> 119785.71
F32: S01 | M32: ="S"&WEEKNUM(M33) -> S2 | T32: ="S"&WEEKNUM(T33) -> S3 | AA32: ="S"&WEEKNUM(AA33) -> S4 | AH32: ="S"&WEEKNUM(AH33) -> S5 | AO32: ="S"&WEEKNUM(AO33) -> S6 | AV32: ="S"&WEEKNUM(AV33) -> S7 | BC32: ="S"&WEEKNUM(BC33) -> S8 | BJ32: ="S"&WEEKNUM(BJ33) -> S9 | BQ32: ="S"&WEEKNUM(BQ33) -> S10 | BX32: ="S"&WEEKNUM(BX33) -> S11 | CE32: ="S"&WEEKNUM(CE33) -> S12 | CL32: ="S"&WEEKNUM(CL33) -> S13 | CS32: ="S"&WEEKNUM(CS33) -> S14 | CZ32: ="S"&WEEKNUM(CZ33) -> S15 | DG32: ="S"&WEEKNUM(DG33) -> S16 | DN32: ="S"&WEEKNUM(DN33) -> S17 | DU32: ="S"&WEEKNUM(DU33) -> S18 | EB32: ="S"&WEEKNUM(EB33) -> S19 | EI32: ="S"&WEEKNUM(EI33) -> S20 | EP32: ="S"&WEEKNUM(EP33) -> S21 | EW32: ="S"&WEEKNUM(EW33) -> S22 | FD32: ="S"&WEEKNUM(FD33) -> S23 | FK32: ="S"&WEEKNUM(FK33) -> S24 | FR32: ="S"&WEEKNUM(FR33) -> S25 | FY32: ="S"&WEEKNUM(FY33) -> S26 | GF32: ="S"&WEEKNUM(GF33) -> S27 | GM32: ="S"&WEEKNUM(GM33) -> S28 | GT32: ="S"&WEEKNUM(GT33) -> S29 | HA32: ="S"&WEEKNUM(HA33) -> S30 | HH32: ="S"&WEEKNUM(HH33) -> S31 | HO32: ="S"&WEEKNUM(HO33) -> S32 | HV32: ="S"&WEEKNUM(HV33) -> S33 | IC32: ="S"&WEEKNUM(IC33) -> S34 | IJ32: ="S"&WEEKNUM(IJ33) -> S35 | IQ32: ="S"&WEEKNUM(IQ33) -> S36 | IX32: ="S"&WEEKNUM(IX33) -> S37 | JE32: ="S"&WEEKNUM(JE33) -> S38 | JL32: ="S"&WEEKNUM(JL33) -> S39 | JS32: ="S"&WEEKNUM(JS33) -> S40 | JZ32: ="S"&WEEKNUM(JZ33) -> S41 | KG32: ="S"&WEEKNUM(KG33) -> S42 | KN32: ="S"&WEEKNUM(KN33) -> S43 | KU32: ="S"&WEEKNUM(KU33) -> S44 | LB32: ="S"&WEEKNUM(LB33) -> S45 | LI32: ="S"&WEEKNUM(LI33) -> S46 | LP32: ="S"&WEEKNUM(LP33) -> S47 | LW32: ="S"&WEEKNUM(LW33) -> S48 | MD32: ="S"&WEEKNUM(MD33) -> S49 | MK32: ="S"&WEEKNUM(MK33) -> S50 | MR32: ="S"&WEEKNUM(MR33) -> S51 | MY32: ="S"&WEEKNUM(MY33) -> S52 | NF32: ="S"&WEEKNUM(NF33) -> S53 | NM32: ="S"&WEEKNUM(NM33) -> S2
F33: 45656 | G33: 45657 | H33: 45658 | I33: 45659 | J33: 45660 | K33: 45661 | M33: 45663 | N33: 45664 | O33: 45665 | P33: 45666 | Q33: 45667 | R33: 45668 | T33: 45670 | U33: 45671 | V33: 45672 | W33: 45673 | X33: 45674 | Y33: 45675 | AA33: 45677 | AB33: 45678 | AC33: 45679 | AD33: 45680 | AE33: 45681 | AH33: 45684 | AI33: 45685 | AJ33: 45686 | AK33: 45687 | AL33: 45688 | AO33: 45691 | AP33: 45692 | AQ33: 45693 | AR33: 45694 | AS33: 45695 | AV33: 45698 | AW33: 45699 | AX33: 45700 | AY33: 45701 | AZ33: 45702 | BC33: 45705 | BD33: 45706 | BE33: 45707 | BF33: 45708 | BG33: 45709 | BJ33: 45712 | BK33: 45713 | BL33: 45714 | BM33: 45715 | BN33: 45716 | BQ33: 45719 | BR33: 45720 | BS33: 45721 | BT33: 45722 | BU33: 45723 | BX33: 45726 | BY33: 45727 | BZ33: 45728 | CA33: 45729 | CB33: 45730 | CE33: 45733 | CF33: 45734 | CG33: 45735 | CH33: 45736 | CI33: 45737 | CL33: 45740 | CM33: 45741 | CN33: 45742 | CO33: 45743 | CP33: 45744 | CS33: 45747 | CT33: 45748 | CU33: 45749 | CV33: 45750 | CW33: 45751 | CZ33: 45754 | DA33: 45755 | DB33: 45756 | DC33: 45757 | DD33: 45758 | DG33: 45761 | DH33: 45762 | DI33: 45763 | DJ33: 45764 | DK33: 45765 | DN33: 45768 | DO33: 45769 | DP33: 45770 | DQ33: 45771 | DR33: 45772 | DU33: 45775 | DV33: 45776 | DW33: 45777 | DX33: 45778 | DY33: 45779 | EB33: 45782 | EC33: 45783 | ED33: 45784 | EE33: 45785 | EF33: 45786 | EI33: 45789 | EJ33: 45790 | EK33: 45791 | EL33: 45792 | EM33: 45793 | EP33: 45796 | EQ33: 45797 | ER33: 45798 | ES33: 45799 | ET33: 45800 | EW33: 45803 | EX33: 45804 | EY33: 45805 | EZ33: 45806 | FA33: 45807 | FD33: 45810 | FE33: 45811 | FF33: 45812 | FG33: 45813 | FH33: 45814 | FK33: 45817 | FL33: 45818 | FM33: 45819 | FN33: 45820 | FO33: 45821 | FR33: 45824 | FS33: 45825 | FT33: 45826 | FU33: 45827 | FV33: 45828 | FY33: 45831 | FZ33: 45832 | GA33: 45833 | GB33: 45834 | GC33: 45835 | GF33: 45838 | GG33: 45839 | GH33: 45840 | GI33: 45841 | GJ33: 45842 | GK33: 45843 | GM33: 45846 | GN33: 45847 | GO33: 45848 | GP33: 45849 | GQ33: 45850 | GT33: 45853 | GU33: 45854 | GV33: 45855 | GW33: 45856 | GX33: 45857 | GY33: 45858 | GZ33: 45859 | HA33: 45860 | HB33: 45861 | HC33: 45862 | HD33: 45863 | HE33: 45864 | HF33: 45865 | HG33: 45866 | HH33: 45867 | HI33: 45868 | HJ33: 45869 | HK33: 45870 | HL33: 45871 | HM33: 45872 | HN33: 45873 | HO33: 45874 | HP33: 45875 | HQ33: 45876 | HR33: 45877 | HS33: 45878 | HT33: 45879 | HU33: 45880 | HV33: 45881 | HW33: 45882 | HX33: 45883 | HY33: 45884 | HZ33: 45885 | IA33: 45886 | IB33: 45887 | IC33: 45888 | ID33: 45889 | IE33: 45890 | IF33: 45891 | IG33: 45892 | IH33: 45893 | II33: 45894 | IJ33: 45895 | IK33: 45896 | IL33: 45897 | IM33: 45898 | IN33: 45899 | IO33: 45900 | IP33: 45901 | IQ33: 45902 | IR33: 45903 | IS33: 45904 | IT33: 45905 | IU33: 45906 | IV33: 45907 | IW33: 45908 | IX33: 45909 | IY33: 45910 | IZ33: 45911 | JA33: 45912 | JB33: 45913 | JC33: 45914 | JD33: 45915 | JE33: 45916 | JF33: 45917 | JG33: 45918 | JH33: 45919 | JI33: 45920 | JJ33: 45921 | JK33: 45922 | JL33: 45923 | JM33: 45924 | JN33: 45925 | JO33: 45926 | JP33: 45927 | JQ33: 45928 | JR33: 45929 | JS33: 45930 | JT33: 45931 | JU33: 45932 | JV33: 45933 | JW33: 45934 | JX33: 45935 | JY33: 45936 | JZ33: 45937 | KA33: 45938 | KB33: 45939 | KC33: 45940 | KD33: 45941 | KE33: 45942 | KF33: 45943 | KG33: 45944 | KH33: 45945 | KI33: 45946 | KJ33: 45947 | KK33: 45948 | KL33: 45949 | KM33: 45950 | KN33: 45951 | KO33: 45952 | KP33: 45953 | KQ33: 45954 | KR33: 45955 | KS33: 45956 | KT33: 45957 | KU33: 45958 | KV33: 45959 | KW33: 45960 | KX33: 45961 | KY33: 45962 | KZ33: 45963 | LA33: 45964 | LB33: 45965 | LC33: 45966 | LD33: 45967 | LE33: 45968 | LF33: 45969 | LG33: 45970 | LH33: 45971 | LI33: 45972 | LJ33: 45973 | LK33: 45974 | LL33: 45975 | LM33: 45976 | LN33: 45977 | LO33: 45978 | LP33: 45979 | LQ33: 45980 | LR33: 45981 | LS33: 45982 | LT33: 45983 | LU33: 45984 | LV33: 45985 | LW33: 45986 | LX33: 45987 | LY33: 45988 | LZ33: 45989 | MA33: 45990 | MB33: 45991 | MC33: 45992 | MD33: 45993 | ME33: 45994 | MF33: 45995 | MG33: 45996 | MH33: 45997 | MI33: 45998 | MJ33: 45999 | MK33: 46000 | ML33: 46001 | MM33: 46002 | MN33: 46003 | MO33: 46004 | MP33: 46005 | MQ33: 46006 | MR33: 46007 | MS33: 46008 | MT33: 46009 | MU33: 46010 | MV33: 46011 | MW33: 46012 | MX33: 46013 | MY33: 46014 | MZ33: 46015 | NA33: 46016 | NB33: 46017 | NC33: 46018 | ND33: 46019 | NE33: 46020 | NF33: 46021 | NG33: 46022 | NH33: 46023 | NI33: 46024 | NJ33: 46025 | NK33: 46026 | NL33: 46027 | NM33: 46028 | NN33: 46029 | NO33: 46030 | NP33: 46031 | NQ33: 46032
F34: =TEXT(F33,"jjj.") -> lun. | G34: =TEXT(G33,"jjj.") -> mar. | H34: =TEXT(H33,"jjj.") -> mer. | I34: =TEXT(I33,"jjj.") -> jeu. | J34: =TEXT(J33,"jjj.") -> ven. | K34: TOTAL | M34: =TEXT(M33,"jjj.") -> lun. | N34: =TEXT(N33,"jjj.") -> mar. | O34: =TEXT(O33,"jjj.") -> mer. | P34: =TEXT(P33,"jjj.") -> jeu. | Q34: =TEXT(Q33,"jjj.") -> ven. | R34: TOTAL | T34: =TEXT(T33,"jjj.") -> lun. | U34: =TEXT(U33,"jjj.") -> mar. | V34: =TEXT(V33,"jjj.") -> mer. | W34: =TEXT(W33,"jjj.") -> jeu. | X34: =TEXT(X33,"jjj.") -> ven. | Y34: TOTAL | AA34: =TEXT(AA33,"jjj.") -> lun. | AB34: =TEXT(AB33,"jjj.") -> mar. | AC34: =TEXT(AC33,"jjj.") -> mer. | AD34: =TEXT(AD33,"jjj.") -> jeu. | AE34: =TEXT(AE33,"jjj.") -> ven. | AF34: TOTAL | AH34: =TEXT(AH33,"jjj.") -> lun. | AI34: =TEXT(AI33,"jjj.") -> mar. | AJ34: =TEXT(AJ33,"jjj.") -> mer. | AK34: =TEXT(AK33,"jjj.") -> jeu. | AL34: =TEXT(AL33,"jjj.") -> ven. | AM34: TOTAL | AO34: =TEXT(AO33,"jjj.") -> lun. | AP34: =TEXT(AP33,"jjj.") -> mar. | AQ34: =TEXT(AQ33,"jjj.") -> mer. | AR34: =TEXT(AR33,"jjj.") -> jeu. | AS34: =TEXT(AS33,"jjj.") -> ven. | AT34: TOTAL | AV34: =TEXT(AV33,"jjj.") -> lun. | AW34: =TEXT(AW33,"jjj.") -> mar. | AX34: =TEXT(AX33,"jjj.") -> mer. | AY34: =TEXT(AY33,"jjj.") -> jeu. | AZ34: =TEXT(AZ33,"jjj.") -> ven. | BA34: TOTAL | BC34: =TEXT(BC33,"jjj.") -> lun. | BD34: =TEXT(BD33,"jjj.") -> mar. | BE34: =TEXT(BE33,"jjj.") -> mer. | BF34: =TEXT(BF33,"jjj.") -> jeu. | BG34: =TEXT(BG33,"jjj.") -> ven. | BH34: TOTAL | BJ34: =TEXT(BJ33,"jjj.") -> lun. | BK34: =TEXT(BK33,"jjj.") -> mar. | BL34: =TEXT(BL33,"jjj.") -> mer. | BM34: =TEXT(BM33,"jjj.") -> jeu. | BN34: =TEXT(BN33,"jjj.") -> ven. | BO34: TOTAL | BQ34: =TEXT(BQ33,"jjj.") -> lun. | BR34: =TEXT(BR33,"jjj.") -> mar. | BS34: =TEXT(BS33,"jjj.") -> mer. | BT34: =TEXT(BT33,"jjj.") -> jeu. | BU34: =TEXT(BU33,"jjj.") -> ven. | BV34: TOTAL | BX34: =TEXT(BX33,"jjj.") -> lun. | BY34: =TEXT(BY33,"jjj.") -> mar. | BZ34: =TEXT(BZ33,"jjj.") -> mer. | CA34: =TEXT(CA33,"jjj.") -> jeu. | CB34: =TEXT(CB33,"jjj.") -> ven. | CC34: TOTAL | CE34: =TEXT(CE33,"jjj.") -> lun. | CF34: =TEXT(CF33,"jjj.") -> mar. | CG34: =TEXT(CG33,"jjj.") -> mer. | CH34: =TEXT(CH33,"jjj.") -> jeu. | CI34: =TEXT(CI33,"jjj.") -> ven. | CJ34: TOTAL | CL34: =TEXT(CL33,"jjj.") -> lun. | CM34: =TEXT(CM33,"jjj.") -> mar. | CN34: =TEXT(CN33,"jjj.") -> mer. | CO34: =TEXT(CO33,"jjj.") -> jeu. | CP34: =TEXT(CP33,"jjj.") -> ven. | CQ34: TOTAL | CS34: =TEXT(CS33,"jjj.") -> lun. | CT34: =TEXT(CT33,"jjj.") -> mar. | CU34: =TEXT(CU33,"jjj.") -> mer. | CV34: =TEXT(CV33,"jjj.") -> jeu. | CW34: =TEXT(CW33,"jjj.") -> ven. | CX34: TOTAL | CZ34: =TEXT(CZ33,"jjj.") -> lun. | DA34: =TEXT(DA33,"jjj.") -> mar. | DB34: =TEXT(DB33,"jjj.") -> mer. | DC34: =TEXT(DC33,"jjj.") -> jeu. | DD34: =TEXT(DD33,"jjj.") -> ven. | DE34: TOTAL | DG34: =TEXT(DG33,"jjj.") -> lun. | DH34: =TEXT(DH33,"jjj.") -> mar. | DI34: =TEXT(DI33,"jjj.") -> mer. | DJ34: =TEXT(DJ33,"jjj.") -> jeu. | DK34: =TEXT(DK33,"jjj.") -> ven. | DL34: TOTAL | DN34: =TEXT(DN33,"jjj.") -> lun. | DO34: =TEXT(DO33,"jjj.") -> mar. | DP34: =TEXT(DP33,"jjj.") -> mer. | DQ34: =TEXT(DQ33,"jjj.") -> jeu. | DR34: =TEXT(DR33,"jjj.") -> ven. | DS34: TOTAL | DU34: =TEXT(DU33,"jjj.") -> lun. | DV34: =TEXT(DV33,"jjj.") -> mar. | DW34: =TEXT(DW33,"jjj.") -> mer. | DX34: =TEXT(DX33,"jjj.") -> jeu. | DY34: =TEXT(DY33,"jjj.") -> ven. | DZ34: TOTAL | EB34: =TEXT(EB33,"jjj.") -> lun. | EC34: =TEXT(EC33,"jjj.") -> mar. | ED34: =TEXT(ED33,"jjj.") -> mer. | EE34: =TEXT(EE33,"jjj.") -> jeu. | EF34: =TEXT(EF33,"jjj.") -> ven. | EG34: TOTAL | EI34: =TEXT(EI33,"jjj.") -> lun. | EJ34: =TEXT(EJ33,"jjj.") -> mar. | EK34: =TEXT(EK33,"jjj.") -> mer. | EL34: =TEXT(EL33,"jjj.") -> jeu. | EM34: =TEXT(EM33,"jjj.") -> ven. | EN34: TOTAL | EP34: =TEXT(EP33,"jjj.") -> lun. | EQ34: =TEXT(EQ33,"jjj.") -> mar. | ER34: =TEXT(ER33,"jjj.") -> mer. | ES34: =TEXT(ES33,"jjj.") -> jeu. | ET34: =TEXT(ET33,"jjj.") -> ven. | EU34: TOTAL | EW34: =TEXT(EW33,"jjj.") -> lun. | EX34: =TEXT(EX33,"jjj.") -> mar. | EY34: =TEXT(EY33,"jjj.") -> mer. | EZ34: =TEXT(EZ33,"jjj.") -> jeu. | FA34: =TEXT(FA33,"jjj.") -> ven. | FB34: TOTAL | FD34: =TEXT(FD33,"jjj.") -> lun. | FE34: =TEXT(FE33,"jjj.") -> mar. | FF34: =TEXT(FF33,"jjj.") -> mer. | FG34: =TEXT(FG33,"jjj.") -> jeu. | FH34: =TEXT(FH33,"jjj.") -> ven. | FI34: TOTAL | FK34: =TEXT(FK33,"jjj.") -> lun. | FL34: =TEXT(FL33,"jjj.") -> mar. | FM34: =TEXT(FM33,"jjj.") -> mer. | FN34: =TEXT(FN33,"jjj.") -> jeu. | FO34: =TEXT(FO33,"jjj.") -> ven. | FP34: TOTAL | FR34: =TEXT(FR33,"jjj.") -> lun. | FS34: =TEXT(FS33,"jjj.") -> mar. | FT34: =TEXT(FT33,"jjj.") -> mer. | FU34: =TEXT(FU33,"jjj.") -> jeu. | FV34: =TEXT(FV33,"jjj.") -> ven. | FW34: TOTAL | FY34: =TEXT(FY33,"jjj.") -> lun. | FZ34: =TEXT(FZ33,"jjj.") -> mar. | GA34: =TEXT(GA33,"jjj.") -> mer. | GB34: =TEXT(GB33,"jjj.") -> jeu. | GC34: =TEXT(GC33,"jjj.") -> ven. | GD34: TOTAL | GF34: =TEXT(GF33,"jjj.") -> lun. | GG34: =TEXT(GG33,"jjj.") -> mar. | GH34: =TEXT(GH33,"jjj.") -> mer. | GI34: =TEXT(GI33,"jjj.") -> jeu. | GJ34: =TEXT(GJ33,"jjj.") -> ven. | GK34: TOTAL | GM34: =TEXT(GM33,"jjj.") -> mar. | GN34: =TEXT(GN33,"jjj.") -> mer. | GO34: =TEXT(GO33,"jjj.") -> jeu. | GP34: =TEXT(GP33,"jjj.") -> ven. | GQ34: =TEXT(GQ33,"jjj.") -> sam. | GR34: TOTAL | GT34: =TEXT(GT33,"jjj.") -> mar. | GU34: =TEXT(GU33,"jjj.") -> mer. | GV34: =TEXT(GV33,"jjj.") -> jeu. | GW34: =TEXT(GW33,"jjj.") -> ven. | GX34: =TEXT(GX33,"jjj.") -> sam. | GY34: TOTAL | HA34: =TEXT(HA33,"jjj.") -> mar. | HB34: =TEXT(HB33,"jjj.") -> mer. | HC34: =TEXT(HC33,"jjj.") -> jeu. | HD34: =TEXT(HD33,"jjj.") -> ven. | HE34: =TEXT(HE33,"jjj.") -> sam. | HF34: TOTAL | HH34: =TEXT(HH33,"jjj.") -> mar. | HI34: =TEXT(HI33,"jjj.") -> mer. | HJ34: =TEXT(HJ33,"jjj.") -> jeu. | HK34: =TEXT(HK33,"jjj.") -> ven. | HL34: =TEXT(HL33,"jjj.") -> sam. | HM34: TOTAL | HO34: =TEXT(HO33,"jjj.") -> mar. | HP34: =TEXT(HP33,"jjj.") -> mer. | HQ34: =TEXT(HQ33,"jjj.") -> jeu. | HR34: =TEXT(HR33,"jjj.") -> ven. | HS34: =TEXT(HS33,"jjj.") -> sam. | HT34: TOTAL | HV34: =TEXT(HV33,"jjj.") -> mar. | HW34: =TEXT(HW33,"jjj.") -> mer. | HX34: =TEXT(HX33,"jjj.") -> jeu. | HY34: =TEXT(HY33,"jjj.") -> ven. | HZ34: =TEXT(HZ33,"jjj.") -> sam. | IA34: TOTAL | IC34: =TEXT(IC33,"jjj.") -> mar. | ID34: =TEXT(ID33,"jjj.") -> mer. | IE34: =TEXT(IE33,"jjj.") -> jeu. | IF34: =TEXT(IF33,"jjj.") -> ven. | IG34: =TEXT(IG33,"jjj.") -> sam. | IH34: TOTAL | IJ34: =TEXT(IJ33,"jjj.") -> mar. | IK34: =TEXT(IK33,"jjj.") -> mer. | IL34: =TEXT(IL33,"jjj.") -> jeu. | IM34: =TEXT(IM33,"jjj.") -> ven. | IN34: =TEXT(IN33,"jjj.") -> sam. | IO34: TOTAL | IQ34: =TEXT(IQ33,"jjj.") -> mar. | IR34: =TEXT(IR33,"jjj.") -> mer. | IS34: =TEXT(IS33,"jjj.") -> jeu. | IT34: =TEXT(IT33,"jjj.") -> ven. | IU34: =TEXT(IU33,"jjj.") -> sam. | IV34: TOTAL | IX34: =TEXT(IX33,"jjj.") -> mar. | IY34: =TEXT(IY33,"jjj.") -> mer. | IZ34: =TEXT(IZ33,"jjj.") -> jeu. | JA34: =TEXT(JA33,"jjj.") -> ven. | JB34: =TEXT(JB33,"jjj.") -> sam. | JC34: TOTAL | JE34: =TEXT(JE33,"jjj.") -> mar. | JF34: =TEXT(JF33,"jjj.") -> mer. | JG34: =TEXT(JG33,"jjj.") -> jeu. | JH34: =TEXT(JH33,"jjj.") -> ven. | JI34: =TEXT(JI33,"jjj.") -> sam. | JJ34: TOTAL | JL34: =TEXT(JL33,"jjj.") -> mar. | JM34: =TEXT(JM33,"jjj.") -> mer. | JN34: =TEXT(JN33,"jjj.") -> jeu. | JO34: =TEXT(JO33,"jjj.") -> ven. | JP34: =TEXT(JP33,"jjj.") -> sam. | JQ34: TOTAL | JS34: =TEXT(JS33,"jjj.") -> mar. | JT34: =TEXT(JT33,"jjj.") -> mer. | JU34: =TEXT(JU33,"jjj.") -> jeu. | JV34: =TEXT(JV33,"jjj.") -> ven. | JW34: =TEXT(JW33,"jjj.") -> sam. | JX34: TOTAL | JZ34: =TEXT(JZ33,"jjj.") -> mar. | KA34: =TEXT(KA33,"jjj.") -> mer. | KB34: =TEXT(KB33,"jjj.") -> jeu. | KC34: =TEXT(KC33,"jjj.") -> ven. | KD34: =TEXT(KD33,"jjj.") -> sam. | KE34: TOTAL | KG34: =TEXT(KG33,"jjj.") -> mar. | KH34: =TEXT(KH33,"jjj.") -> mer. | KI34: =TEXT(KI33,"jjj.") -> jeu. | KJ34: =TEXT(KJ33,"jjj.") -> ven. | KK34: =TEXT(KK33,"jjj.") -> sam. | KL34: TOTAL | KN34: =TEXT(KN33,"jjj.") -> mar. | KO34: =TEXT(KO33,"jjj.") -> mer. | KP34: =TEXT(KP33,"jjj.") -> jeu. | KQ34: =TEXT(KQ33,"jjj.") -> ven. | KR34: =TEXT(KR33,"jjj.") -> sam. | KS34: TOTAL | KU34: =TEXT(KU33,"jjj.") -> mar. | KV34: =TEXT(KV33,"jjj.") -> mer. | KW34: =TEXT(KW33,"jjj.") -> jeu. | KX34: =TEXT(KX33,"jjj.") -> ven. | KY34: =TEXT(KY33,"jjj.") -> sam. | KZ34: TOTAL | LB34: =TEXT(LB33,"jjj.") -> mar. | LC34: =TEXT(LC33,"jjj.") -> mer. | LD34: =TEXT(LD33,"jjj.") -> jeu. | LE34: =TEXT(LE33,"jjj.") -> ven. | LF34: =TEXT(LF33,"jjj.") -> sam. | LG34: TOTAL | LI34: =TEXT(LI33,"jjj.") -> mar. | LJ34: =TEXT(LJ33,"jjj.") -> mer. | LK34: =TEXT(LK33,"jjj.") -> jeu. | LL34: =TEXT(LL33,"jjj.") -> ven. | LM34: =TEXT(LM33,"jjj.") -> sam. | LN34: TOTAL | LP34: =TEXT(LP33,"jjj.") -> mar. | LQ34: =TEXT(LQ33,"jjj.") -> mer. | LR34: =TEXT(LR33,"jjj.") -> jeu. | LS34: =TEXT(LS33,"jjj.") -> ven. | LT34: =TEXT(LT33,"jjj.") -> sam. | LU34: TOTAL | LW34: =TEXT(LW33,"jjj.") -> mar. | LX34: =TEXT(LX33,"jjj.") -> mer. | LY34: =TEXT(LY33,"jjj.") -> jeu. | LZ34: =TEXT(LZ33,"jjj.") -> ven. | MA34: =TEXT(MA33,"jjj.") -> sam. | MB34: TOTAL | MD34: =TEXT(MD33,"jjj.") -> mar. | ME34: =TEXT(ME33,"jjj.") -> mer. | MF34: =TEXT(MF33,"jjj.") -> jeu. | MG34: =TEXT(MG33,"jjj.") -> ven. | MH34: =TEXT(MH33,"jjj.") -> sam. | MI34: TOTAL | MK34: =TEXT(MK33,"jjj.") -> mar. | ML34: =TEXT(ML33,"jjj.") -> mer. | MM34: =TEXT(MM33,"jjj.") -> jeu. | MN34: =TEXT(MN33,"jjj.") -> ven. | MO34: =TEXT(MO33,"jjj.") -> sam. | MP34: TOTAL | MR34: =TEXT(MR33,"jjj.") -> mar. | MS34: =TEXT(MS33,"jjj.") -> mer. | MT34: =TEXT(MT33,"jjj.") -> jeu. | MU34: =TEXT(MU33,"jjj.") -> ven. | MV34: =TEXT(MV33,"jjj.") -> sam. | MW34: TOTAL | MY34: =TEXT(MY33,"jjj.") -> mar. | MZ34: =TEXT(MZ33,"jjj.") -> mer. | NA34: =TEXT(NA33,"jjj.") -> jeu. | NB34: =TEXT(NB33,"jjj.") -> ven. | NC34: =TEXT(NC33,"jjj.") -> sam. | ND34: TOTAL | NF34: =TEXT(NF33,"jjj.") -> mar. | NG34: =TEXT(NG33,"jjj.") -> mer. | NH34: =TEXT(NH33,"jjj.") -> jeu. | NI34: =TEXT(NI33,"jjj.") -> ven. | NJ34: =TEXT(NJ33,"jjj.") -> sam. | NK34: TOTAL | NM34: =TEXT(NM33,"jjj.") -> mar. | NN34: =TEXT(NN33,"jjj.") -> mer. | NO34: =TEXT(NO33,"jjj.") -> jeu. | NP34: =TEXT(NP33,"jjj.") -> ven. | NQ34: =TEXT(NQ33,"jjj.") -> sam. | NR34: TOTAL
B35: VRAC | C35: BESOIN | F35: 9 | G35: 9 | I35: 9 | J35: 9 | K35: =SUM(F35:J35) -> 36 | R35: =SUM(M35:Q35) -> 0 | T35: 12 | U35: 12 | V35: 12 | W35: 12 | X35: 12 | Y35: =SUM(T35:X35) -> 60 | AA35: 12 | AB35: 12 | AC35: 12 | AD35: 12 | AE35: 12 | AF35: =SUM(AA35:AE35) -> 60 | AH35: 12 | AI35: 12 | AJ35: 12 | AK35: 12 | AL35: 12 | AM35: =SUM(AH35:AL35) -> 60 | AT35: =SUM(AO35:AS35) -> 0 | BA35: =SUM(AV35:AZ35) -> 0 | BH35: =SUM(BC35:BG35) -> 0 | BO35: =SUM(BJ35:BN35) -> 0 | BV35: =SUM(BQ35:BU35) -> 0 | CC35: =SUM(BX35:CB35) -> 0 | CJ35: =SUM(CE35:CI35) -> 0 | CQ35: =SUM(CL35:CP35) -> 0 | CX35: =SUM(CS35:CW35) -> 0 | DE35: =SUM(CZ35:DD35) -> 0 | DL35: =SUM(DG35:DK35) -> 0 | DS35: =SUM(DN35:DR35) -> 0 | DZ35: =SUM(DU35:DY35) -> 0 | EG35: =SUM(EB35:EF35) -> 0 | EN35: =SUM(EI35:EM35) -> 0 | EU35: =SUM(EP35:ET35) -> 0 | FB35: =SUM(EW35:FA35) -> 0 | FI35: =SUM(FD35:FH35) -> 0 | FP35: =SUM(FK35:FO35) -> 0 | FW35: =SUM(FR35:FV35) -> 0 | GD35: =SUM(FY35:GC35) -> 0 | GK35: =SUM(GF35:GJ35) -> 0 | GR35: =SUM(GM35:GQ35) -> 0 | GY35: =SUM(GT35:GX35) -> 0 | HF35: =SUM(HA35:HE35) -> 0 | HM35: =SUM(HH35:HL35) -> 0 | HT35: =SUM(HO35:HS35) -> 0 | IA35: =SUM(HV35:HZ35) -> 0 | IH35: =SUM(IC35:IG35) -> 0 | IO35: =SUM(IJ35:IN35) -> 0 | IV35: =SUM(IQ35:IU35) -> 0 | JC35: =SUM(IX35:JB35) -> 0 | JJ35: =SUM(JE35:JI35) -> 0 | JQ35: =SUM(JL35:JP35) -> 0 | JX35: =SUM(JS35:JW35) -> 0 | KE35: =SUM(JZ35:KD35) -> 0 | KL35: =SUM(KG35:KK35) -> 0 | KS35: =SUM(KN35:KR35) -> 0 | KZ35: =SUM(KU35:KY35) -> 0 | LG35: =SUM(LB35:LF35) -> 0 | LN35: =SUM(LI35:LM35) -> 0 | LU35: =SUM(LP35:LT35) -> 0 | MB35: =SUM(LW35:MA35) -> 0 | MI35: =SUM(MD35:MH35) -> 0 | MP35: =SUM(MK35:MO35) -> 0 | MW35: =SUM(MR35:MV35) -> 0 | ND35: =SUM(MY35:NC35) -> 0 | NK35: =SUM(NF35:NJ35) -> 0 | NR35: =SUM(NM35:NQ35) -> 0
C36: AFFECTE | F36: ='Pilotage effectif 27O'!I44 -> 7 | G36: ='Pilotage effectif 27O'!J44 -> 7 | H36: ='Pilotage effectif 27O'!K44 -> 0 | I36: ='Pilotage effectif 27O'!L44 -> 7 | J36: ='Pilotage effectif 27O'!M44 -> 7 | K36: ='Pilotage effectif 27O'!N44 -> 28 | M36: ='Pilotage effectif 27O'!P44 -> 0 | N36: ='Pilotage effectif 27O'!Q44 -> 0 | O36: ='Pilotage effectif 27O'!R44 -> 0 | P36: ='Pilotage effectif 27O'!S44 -> 0 | Q36: ='Pilotage effectif 27O'!T44 -> 0 | R36: ='Pilotage effectif 27O'!U44 -> 0 | T36: ='Pilotage effectif 27O'!W44 -> 0 | U36: ='Pilotage effectif 27O'!X44 -> 0 | V36: ='Pilotage effectif 27O'!Y44 -> 0 | W36: ='Pilotage effectif 27O'!Z44 -> 0 | X36: ='Pilotage effectif 27O'!AA44 -> 0 | Y36: ='Pilotage effectif 27O'!AB44 -> 0 | AA36: ='Pilotage effectif 27O'!AD44 -> 0 | AB36: ='Pilotage effectif 27O'!AE44 -> 0 | AC36: ='Pilotage effectif 27O'!AF44 -> 0 | AD36: ='Pilotage effectif 27O'!AG44 -> 0 | AE36: ='Pilotage effectif 27O'!AH44 -> 0 | AF36: ='Pilotage effectif 27O'!AI44 -> 0 | AH36: ='Pilotage effectif 27O'!AK44 -> 0 | AI36: ='Pilotage effectif 27O'!AL44 -> 0 | AJ36: ='Pilotage effectif 27O'!AM44 -> 0 | AK36: ='Pilotage effectif 27O'!AN44 -> 0 | AL36: ='Pilotage effectif 27O'!AO44 -> 0 | AM36: ='Pilotage effectif 27O'!AP44 -> 0 | AO36: ='Pilotage effectif 27O'!AR44 -> 0 | AP36: ='Pilotage effectif 27O'!AS44 -> 0 | AQ36: ='Pilotage effectif 27O'!AT44 -> 0 | AR36: ='Pilotage effectif 27O'!AU44 -> 0 | AS36: ='Pilotage effectif 27O'!AV44 -> 0 | AT36: ='Pilotage effectif 27O'!AW44 -> 0 | AV36: ='Pilotage effectif 27O'!AY44 -> 0 | AW36: ='Pilotage effectif 27O'!AZ44 -> 0 | AX36: ='Pilotage effectif 27O'!BA44 -> 0 | AY36: ='Pilotage effectif 27O'!BB44 -> 0 | AZ36: ='Pilotage effectif 27O'!BC44 -> 0 | BA36: ='Pilotage effectif 27O'!BD44 -> 0 | BC36: ='Pilotage effectif 27O'!BF44 -> 0 | BD36: ='Pilotage effectif 27O'!BG44 -> 0 | BE36: ='Pilotage effectif 27O'!BH44 -> 0 | BF36: ='Pilotage effectif 27O'!BI44 -> 0 | BG36: ='Pilotage effectif 27O'!BJ44 -> 0 | BH36: ='Pilotage effectif 27O'!BK44 -> 0 | BJ36: ='Pilotage effectif 27O'!BM44 -> 0 | BK36: ='Pilotage effectif 27O'!BN44 -> 0 | BL36: ='Pilotage effectif 27O'!BO44 -> 0 | BM36: ='Pilotage effectif 27O'!BP44 -> 0 | BN36: ='Pilotage effectif 27O'!BQ44 -> 0 | BO36: ='Pilotage effectif 27O'!BR44 -> 0 | BQ36: ='Pilotage effectif 27O'!BT44 -> 0 | BR36: ='Pilotage effectif 27O'!BU44 -> 0 | BS36: ='Pilotage effectif 27O'!BV44 -> 0 | BT36: ='Pilotage effectif 27O'!BW44 -> 0 | BU36: ='Pilotage effectif 27O'!BX44 -> 0 | BV36: ='Pilotage effectif 27O'!BY44 -> 0 | BX36: ='Pilotage effectif 27O'!CA44 -> 0 | BY36: ='Pilotage effectif 27O'!CB44 -> 0 | BZ36: ='Pilotage effectif 27O'!CC44 -> 0 | CA36: ='Pilotage effectif 27O'!CD44 -> 0 | CB36: ='Pilotage effectif 27O'!CE44 -> 0 | CC36: ='Pilotage effectif 27O'!CF44 -> 0 | CE36: ='Pilotage effectif 27O'!CH44 -> 0 | CF36: ='Pilotage effectif 27O'!CI44 -> 0 | CG36: ='Pilotage effectif 27O'!CJ44 -> 0 | CH36: ='Pilotage effectif 27O'!CK44 -> 0 | CI36: ='Pilotage effectif 27O'!CL44 -> 0 | CJ36: ='Pilotage effectif 27O'!CM44 -> 0 | CL36: ='Pilotage effectif 27O'!CO44 -> 0 | CM36: ='Pilotage effectif 27O'!CP44 -> 0 | CN36: ='Pilotage effectif 27O'!CQ44 -> 0 | CO36: ='Pilotage effectif 27O'!CR44 -> 0 | CP36: ='Pilotage effectif 27O'!CS44 -> 0 | CQ36: ='Pilotage effectif 27O'!CT44 -> 0 | CS36: ='Pilotage effectif 27O'!CV44 -> 0 | CT36: ='Pilotage effectif 27O'!CW44 -> 0 | CU36: ='Pilotage effectif 27O'!CX44 -> 0 | CV36: ='Pilotage effectif 27O'!CY44 -> 0 | CW36: ='Pilotage effectif 27O'!CZ44 -> 0 | CX36: ='Pilotage effectif 27O'!DA44 -> 0 | CZ36: ='Pilotage effectif 27O'!DC44 -> 0 | DA36: ='Pilotage effectif 27O'!DD44 -> 0 | DB36: ='Pilotage effectif 27O'!DE44 -> 0 | DC36: ='Pilotage effectif 27O'!DF44 -> 0 | DD36: ='Pilotage effectif 27O'!DG44 -> 0 | DE36: ='Pilotage effectif 27O'!DH44 -> 0 | DG36: ='Pilotage effectif 27O'!DJ44 -> 0 | DH36: ='Pilotage effectif 27O'!DK44 -> 0 | DI36: ='Pilotage effectif 27O'!DL44 -> 0 | DJ36: ='Pilotage effectif 27O'!DM44 -> 0 | DK36: ='Pilotage effectif 27O'!DN44 -> 0 | DL36: ='Pilotage effectif 27O'!DO44 -> 0 | DN36: ='Pilotage effectif 27O'!DQ44 -> 0 | DO36: ='Pilotage effectif 27O'!DR44 -> 0 | DP36: ='Pilotage effectif 27O'!DS44 -> 0 | DQ36: ='Pilotage effectif 27O'!DT44 -> 0 | DR36: ='Pilotage effectif 27O'!DU44 -> 0 | DS36: ='Pilotage effectif 27O'!DV44 -> 0 | DU36: ='Pilotage effectif 27O'!DX44 -> 0 | DV36: ='Pilotage effectif 27O'!DY44 -> 0 | DW36: ='Pilotage effectif 27O'!DZ44 -> 0 | DX36: ='Pilotage effectif 27O'!EA44 -> 0 | DY36: ='Pilotage effectif 27O'!EB44 -> 0 | DZ36: ='Pilotage effectif 27O'!EC44 -> 0 | EB36: ='Pilotage effectif 27O'!EE44 -> 0 | EC36: ='Pilotage effectif 27O'!EF44 -> 0 | ED36: ='Pilotage effectif 27O'!EG44 -> 0 | EE36: ='Pilotage effectif 27O'!EH44 -> 0 | EF36: ='Pilotage effectif 27O'!EI44 -> 0 | EG36: ='Pilotage effectif 27O'!EJ44 -> 0 | EI36: ='Pilotage effectif 27O'!EL44 -> 0 | EJ36: ='Pilotage effectif 27O'!EM44 -> 0 | EK36: ='Pilotage effectif 27O'!EN44 -> 0 | EL36: ='Pilotage effectif 27O'!EO44 -> 0 | EM36: ='Pilotage effectif 27O'!EP44 -> 0 | EN36: ='Pilotage effectif 27O'!EQ44 -> 0 | EP36: ='Pilotage effectif 27O'!ES44 -> 0 | EQ36: ='Pilotage effectif 27O'!ET44 -> 0 | ER36: ='Pilotage effectif 27O'!EU44 -> 0 | ES36: ='Pilotage effectif 27O'!EV44 -> 0 | ET36: ='Pilotage effectif 27O'!EW44 -> 0 | EU36: ='Pilotage effectif 27O'!EX44 -> 0 | EW36: ='Pilotage effectif 27O'!EZ44 -> 0 | EX36: ='Pilotage effectif 27O'!FA44 -> 0 | EY36: ='Pilotage effectif 27O'!FB44 -> 0 | EZ36: ='Pilotage effectif 27O'!FC44 -> 0 | FA36: ='Pilotage effectif 27O'!FD44 -> 0 | FB36: ='Pilotage effectif 27O'!FE44 -> 0 | FD36: ='Pilotage effectif 27O'!FG44 -> 0 | FE36: ='Pilotage effectif 27O'!FH44 -> 0 | FF36: ='Pilotage effectif 27O'!FI44 -> 0 | FG36: ='Pilotage effectif 27O'!FJ44 -> 0 | FH36: ='Pilotage effectif 27O'!FK44 -> 0 | FI36: ='Pilotage effectif 27O'!FL44 -> 0 | FK36: ='Pilotage effectif 27O'!FN44 -> 0 | FL36: ='Pilotage effectif 27O'!FO44 -> 0 | FM36: ='Pilotage effectif 27O'!FP44 -> 0 | FN36: ='Pilotage effectif 27O'!FQ44 -> 0 | FO36: ='Pilotage effectif 27O'!FR44 -> 0 | FP36: ='Pilotage effectif 27O'!FS44 -> 0 | FR36: ='Pilotage effectif 27O'!FU44 -> 0 | FS36: ='Pilotage effectif 27O'!FV44 -> 0 | FT36: ='Pilotage effectif 27O'!FW44 -> 0 | FU36: ='Pilotage effectif 27O'!FX44 -> 0 | FV36: ='Pilotage effectif 27O'!FY44 -> 0 | FW36: ='Pilotage effectif 27O'!FZ44 -> 0 | FY36: ='Pilotage effectif 27O'!GB44 -> 0 | FZ36: ='Pilotage effectif 27O'!GC44 -> 0 | GA36: ='Pilotage effectif 27O'!GD44 -> 0 | GB36: ='Pilotage effectif 27O'!GE44 -> 0 | GC36: ='Pilotage effectif 27O'!GF44 -> 0 | GD36: ='Pilotage effectif 27O'!GG44 -> 0 | GF36: ='Pilotage effectif 27O'!GI44 -> 0 | GG36: ='Pilotage effectif 27O'!GJ44 -> 0 | GH36: ='Pilotage effectif 27O'!GK44 -> 0 | GI36: ='Pilotage effectif 27O'!GL44 -> 0 | GJ36: ='Pilotage effectif 27O'!GM44 -> 0 | GK36: ='Pilotage effectif 27O'!GN44 -> 0 | GM36: ='Pilotage effectif 27O'!GP44 -> 0 | GN36: ='Pilotage effectif 27O'!GQ44 -> 0 | GO36: ='Pilotage effectif 27O'!GR44 -> 0 | GP36: ='Pilotage effectif 27O'!GS44 -> 0 | GQ36: ='Pilotage effectif 27O'!GT44 -> 0 | GR36: ='Pilotage effectif 27O'!GU44 -> 0 | GT36: ='Pilotage effectif 27O'!GW44 -> 0 | GU36: ='Pilotage effectif 27O'!GX44 -> 0 | GV36: ='Pilotage effectif 27O'!GY44 -> 0 | GW36: ='Pilotage effectif 27O'!GZ44 -> 0 | GX36: ='Pilotage effectif 27O'!HA44 -> 0 | GY36: ='Pilotage effectif 27O'!HB44 -> 0 | HA36: ='Pilotage effectif 27O'!HD44 -> 0 | HB36: ='Pilotage effectif 27O'!HE44 -> 0 | HC36: ='Pilotage effectif 27O'!HF44 -> 0 | HD36: ='Pilotage effectif 27O'!HG44 -> 0 | HE36: ='Pilotage effectif 27O'!HH44 -> 0 | HF36: ='Pilotage effectif 27O'!HI44 -> 0 | HH36: ='Pilotage effectif 27O'!HK44 -> 0 | HI36: ='Pilotage effectif 27O'!HL44 -> 0 | HJ36: ='Pilotage effectif 27O'!HM44 -> 0 | HK36: ='Pilotage effectif 27O'!HN44 -> 0 | HL36: ='Pilotage effectif 27O'!HO44 -> 0 | HM36: ='Pilotage effectif 27O'!HP44 -> 0 | HO36: ='Pilotage effectif 27O'!HR44 -> 0 | HP36: ='Pilotage effectif 27O'!HS44 -> 0 | HQ36: ='Pilotage effectif 27O'!HT44 -> 0 | HR36: ='Pilotage effectif 27O'!HU44 -> 0 | HS36: ='Pilotage effectif 27O'!HV44 -> 0 | HT36: ='Pilotage effectif 27O'!HW44 -> 0 | HV36: ='Pilotage effectif 27O'!HY44 -> 0 | HW36: ='Pilotage effectif 27O'!HZ44 -> 0 | HX36: ='Pilotage effectif 27O'!IA44 -> 0 | HY36: ='Pilotage effectif 27O'!IB44 -> 0 | HZ36: ='Pilotage effectif 27O'!IC44 -> 0 | IA36: ='Pilotage effectif 27O'!ID44 -> 0 | IC36: ='Pilotage effectif 27O'!IF44 -> 0 | ID36: ='Pilotage effectif 27O'!IG44 -> 0 | IE36: ='Pilotage effectif 27O'!IH44 -> 0 | IF36: ='Pilotage effectif 27O'!II44 -> 0 | IG36: ='Pilotage effectif 27O'!IJ44 -> 0 | IH36: ='Pilotage effectif 27O'!IK44 -> 0 | IJ36: ='Pilotage effectif 27O'!IM44 -> 0 | IK36: ='Pilotage effectif 27O'!IN44 -> 0 | IL36: ='Pilotage effectif 27O'!IO44 -> 0 | IM36: ='Pilotage effectif 27O'!IP44 -> 0 | IN36: ='Pilotage effectif 27O'!IQ44 -> 0 | IO36: ='Pilotage effectif 27O'!IR44 -> 0 | IQ36: ='Pilotage effectif 27O'!IT44 -> 0 | IR36: ='Pilotage effectif 27O'!IU44 -> 0 | IS36: ='Pilotage effectif 27O'!IV44 -> 0 | IT36: ='Pilotage effectif 27O'!IW44 -> 0 | IU36: ='Pilotage effectif 27O'!IX44 -> 0 | IV36: ='Pilotage effectif 27O'!IY44 -> 0 | IX36: ='Pilotage effectif 27O'!JA44 -> 0 | IY36: ='Pilotage effectif 27O'!JB44 -> 0 | IZ36: ='Pilotage effectif 27O'!JC44 -> 0 | JA36: ='Pilotage effectif 27O'!JD44 -> 0 | JB36: ='Pilotage effectif 27O'!JE44 -> 0 | JC36: ='Pilotage effectif 27O'!JF44 -> 0 | JE36: ='Pilotage effectif 27O'!JH44 -> 0 | JF36: ='Pilotage effectif 27O'!JI44 -> 0 | JG36: ='Pilotage effectif 27O'!JJ44 -> 0 | JH36: ='Pilotage effectif 27O'!JK44 -> 0 | JI36: ='Pilotage effectif 27O'!JL44 -> 0 | JJ36: ='Pilotage effectif 27O'!JM44 -> 0 | JL36: ='Pilotage effectif 27O'!JO44 -> 0 | JM36: ='Pilotage effectif 27O'!JP44 -> 0 | JN36: ='Pilotage effectif 27O'!JQ44 -> 0 | JO36: ='Pilotage effectif 27O'!JR44 -> 0 | JP36: ='Pilotage effectif 27O'!JS44 -> 0 | JQ36: ='Pilotage effectif 27O'!JT44 -> 0 | JS36: ='Pilotage effectif 27O'!JV44 -> 0 | JT36: ='Pilotage effectif 27O'!JW44 -> 0 | JU36: ='Pilotage effectif 27O'!JX44 -> 0 | JV36: ='Pilotage effectif 27O'!JY44 -> 0 | JW36: ='Pilotage effectif 27O'!JZ44 -> 0 | JX36: ='Pilotage effectif 27O'!KA44 -> 0 | JZ36: ='Pilotage effectif 27O'!KC44 -> 0 | KA36: ='Pilotage effectif 27O'!KD44 -> 0 | KB36: ='Pilotage effectif 27O'!KE44 -> 0 | KC36: ='Pilotage effectif 27O'!KF44 -> 0 | KD36: ='Pilotage effectif 27O'!KG44 -> 0 | KE36: ='Pilotage effectif 27O'!KH44 -> 0 | KG36: ='Pilotage effectif 27O'!KJ44 -> 0 | KH36: ='Pilotage effectif 27O'!KK44 -> 0 | KI36: ='Pilotage effectif 27O'!KL44 -> 0 | KJ36: ='Pilotage effectif 27O'!KM44 -> 0 | KK36: ='Pilotage effectif 27O'!KN44 -> 0 | KL36: ='Pilotage effectif 27O'!KO44 -> 0 | KN36: ='Pilotage effectif 27O'!KQ44 -> 0 | KO36: ='Pilotage effectif 27O'!KR44 -> 0 | KP36: ='Pilotage effectif 27O'!KS44 -> 0 | KQ36: ='Pilotage effectif 27O'!KT44 -> 0 | KR36: ='Pilotage effectif 27O'!KU44 -> 0 | KS36: ='Pilotage effectif 27O'!KV44 -> 0 | KU36: ='Pilotage effectif 27O'!KX44 -> 0 | KV36: ='Pilotage effectif 27O'!KY44 -> 0 | KW36: ='Pilotage effectif 27O'!KZ44 -> 0 | KX36: ='Pilotage effectif 27O'!LA44 -> 0 | KY36: ='Pilotage effectif 27O'!LB44 -> 0 | KZ36: ='Pilotage effectif 27O'!LC44 -> 0 | LB36: ='Pilotage effectif 27O'!LE44 -> 0 | LC36: ='Pilotage effectif 27O'!LF44 -> 0 | LD36: ='Pilotage effectif 27O'!LG44 -> 0 | LE36: ='Pilotage effectif 27O'!LH44 -> 0 | LF36: ='Pilotage effectif 27O'!LI44 -> 0 | LG36: ='Pilotage effectif 27O'!LJ44 -> 0 | LI36: ='Pilotage effectif 27O'!LL44 -> 0 | LJ36: ='Pilotage effectif 27O'!LM44 -> 0 | LK36: ='Pilotage effectif 27O'!LN44 -> 0 | LL36: ='Pilotage effectif 27O'!LO44 -> 0 | LM36: ='Pilotage effectif 27O'!LP44 -> 0 | LN36: ='Pilotage effectif 27O'!LQ44 -> 0 | LP36: ='Pilotage effectif 27O'!LS44 -> 0 | LQ36: ='Pilotage effectif 27O'!LT44 -> 0 | LR36: ='Pilotage effectif 27O'!LU44 -> 0 | LS36: ='Pilotage effectif 27O'!LV44 -> 0 | LT36: ='Pilotage effectif 27O'!LW44 -> 0 | LU36: ='Pilotage effectif 27O'!LX44 -> 0 | LW36: ='Pilotage effectif 27O'!LZ44 -> 0 | LX36: ='Pilotage effectif 27O'!MA44 -> 0 | LY36: ='Pilotage effectif 27O'!MB44 -> 0 | LZ36: ='Pilotage effectif 27O'!MC44 -> 0 | MA36: ='Pilotage effectif 27O'!MD44 -> 0 | MB36: ='Pilotage effectif 27O'!ME44 -> 0 | MD36: ='Pilotage effectif 27O'!MG44 -> 0 | ME36: ='Pilotage effectif 27O'!MH44 -> 0 | MF36: ='Pilotage effectif 27O'!MI44 -> 0 | MG36: ='Pilotage effectif 27O'!MJ44 -> 0 | MH36: ='Pilotage effectif 27O'!MK44 -> 0 | MI36: ='Pilotage effectif 27O'!ML44 -> 0 | MK36: ='Pilotage effectif 27O'!MN44 -> 0 | ML36: ='Pilotage effectif 27O'!MO44 -> 0 | MM36: ='Pilotage effectif 27O'!MP44 -> 0 | MN36: ='Pilotage effectif 27O'!MQ44 -> 0 | MO36: ='Pilotage effectif 27O'!MR44 -> 0 | MP36: ='Pilotage effectif 27O'!MS44 -> 0 | MR36: ='Pilotage effectif 27O'!MU44 -> 0 | MS36: ='Pilotage effectif 27O'!MV44 -> 0 | MT36: ='Pilotage effectif 27O'!MW44 -> 0 | MU36: ='Pilotage effectif 27O'!MX44 -> 0 | MV36: ='Pilotage effectif 27O'!MY44 -> 0 | MW36: ='Pilotage effectif 27O'!MZ44 -> 0 | MY36: ='Pilotage effectif 27O'!NB44 -> 0 | MZ36: ='Pilotage effectif 27O'!NC44 -> 0 | NA36: ='Pilotage effectif 27O'!ND44 -> 0 | NB36: ='Pilotage effectif 27O'!NE44 -> 0 | NC36: ='Pilotage effectif 27O'!NF44 -> 0 | ND36: ='Pilotage effectif 27O'!NG44 -> 0 | NF36: ='Pilotage effectif 27O'!NI44 -> 0 | NG36: ='Pilotage effectif 27O'!NJ44 -> 0 | NH36: ='Pilotage effectif 27O'!NK44 -> 0 | NI36: ='Pilotage effectif 27O'!NL44 -> 0 | NJ36: ='Pilotage effectif 27O'!NM44 -> 0 | NK36: ='Pilotage effectif 27O'!NN44 -> 0 | NM36: ='Pilotage effectif 27O'!NP44 -> 0 | NN36: ='Pilotage effectif 27O'!NQ44 -> 0 | NO36: ='Pilotage effectif 27O'!NR44 -> 0 | NP36: ='Pilotage effectif 27O'!NS44 -> 0 | NQ36: ='Pilotage effectif 27O'!NT44 -> 0 | NR36: ='Pilotage effectif 27O'!NU44 -> 0
